"ENTITY_CD","PER_OUT_CERT"
"010100010000",5
"010100010014",0
"010100010016",0
"010100010018",0
"010100010019",0
"061001040000",3
"061001040001",4
"061001040005",3
"061101040000",0
"061101040001",0
"061101040007",0
"061101040009",0
"061501040000",8
"061501040001",5
"010100010020",0
"010100010023",3
"010100010027",4
"010100010028",3
"010100010029",2
"010100010030",10
"010100010034",8
"010100010039",4
"010100010043",5
"010100010044",0
"010100010045",2
"010100010050",9
"010100860829",60
"010100860830",35
"010100860867",61
"010100860892",18
"010100860899",68
"010100860907",48
"010100860960",61
"010201040000",1
"010201040001",2
"010201040002",0
"010306060000",0
"010306060003",0
"010306060004",0
"010306060005",0
"010306060006",0
"010306060007",0
"010306060008",0
"010306060009",0
"010402060000",5
"010402060001",2
"010402060002",0
"010402060003",2
"010402060008",14
"010500010000",2
"010500010005",0
"010500010006",0
"010500010007",2
"010500010008",5
"010500010009",0
"010601060000",2
"010601060003",0
"010601060005",4
"010601060006",4
"010601060008",1
"010601060010",0
"010601060011",0
"010601060012",2
"010601060013",4
"010615020000",7
"010615020001",7
"010623060000",1
"010623060002",3
"010623060003",0
"010623060004",0
"010623060006",0
"010623060007",0
"010623060008",0
"010623060009",1
"010623060010",1
"010701030000",3
"010701030001",3
"010802060000",1
"010802060001",4
"010802060003",0
"010802060004",0
"010802060005",0
"010802060007",0
"010802060008",0
"010802060009",3
"011003060000",1
"011003060001",3
"011003060002",0
"011003060003",0
"011200010000",0
"061501040002",14
"061501040003",6
"061503040000",7
"061503040002",0
"061503040003",12
"061601040000",6
"061601040001",11
"061601040003",0
"061700010000",3
"061700010001",0
"061700010003",0
"061700010006",7
"061700010007",2
"061700010009",0
"061700010010",2
"061700010011",0
"061700010012",2
"061700010013",7
"062201060000",0
"062201060001",0
"062201060002",0
"062201060003",0
"062301040000",7
"062301040002",4
"062301040003",12
"062401040000",5
"062401040001",5
"062601040000",4
"062601040002",6
"062601040003",0
"062901040000",4
"062901040001",0
"062901040002",0
"062901040004",10
"070600010000",1
"070600010006",0
"070600010007",0
"070600010010",3
"070600010013",0
"070600010014",0
"070600010015",0
"070600010016",0
"070600010019",3
"070600010020",0
"070600010021",1
"070600010022",0
"070600861078",44
"070901060000",0
"070901060003",0
"070901060004",0
"070901060005",0
"070901060007",1
"070901060009",0
"070901060010",0
"070901060011",0
"070902060000",1
"070902060002",0
"070902060004",5
"070902060006",0
"080101040000",3
"080101040002",0
"080101040003",7
"080201040000",0
"080201040001",0
"080201040002",0
"080201040003",0
"080601040000",1
"080601040001",0
"011200010002",0
"011200010010",0
"020101040000",17
"020101040001",11
"020101040002",15
"020601040000",5
"020601040001",5
"020702040000",3
"020702040001",3
"020801040000",5
"020801040001",5
"021102040000",3
"021102040001",3
"021601040000",10
"021601040004",10
"022001040000",3
"022001040001",3
"022101040000",20
"022101040001",18
"022302040000",10
"022302040001",6
"022302040002",7
"022302040004",8
"022401040000",13
"022401040003",14
"022601060000",4
"022601060004",2
"022601060005",4
"022902040000",5
"022902040001",5
"022902040002",3
"022902040003",0
"030101060000",2
"030101060001",0
"030101060003",3
"030101060004",4
"030200010000",7
"030200010002",0
"030200010005",2
"030200010008",0
"030200010011",3
"030200010012",0
"030200010014",8
"030200010015",16
"030200010016",7
"030200010021",10
"030200010022",0
"030501040000",5
"030501040001",0
"030501040003",7
"030601060000",4
"030601060001",0
"030601060004",0
"030601060005",10
"030601060006",5
"030701060000",1
"030701060001",0
"030701060003",0
"030701060004",0
"030701060005",5
"031101060000",2
"031101060003",0
"031101060004",0
"031101060005",10
"031101060006",0
"031301040000",5
"031301040002",5
"031301040003",8
"031401060000",1
"031401060002",2
"031401060004",0
"031401060005",0
"031501060000",1
"031501060001",0
"031501060002",0
"031501060007",10
"031501060009",0
"031501060012",0
"031501060013",0
"031501060014",0
"031502060000",2
"031502060001",0
"031502060003",3
"031502060005",4
"031502060006",0
"031601060000",1
"031601060021",0
"031601060022",0
"031601060023",0
"031601060026",0
"031601060028",0
"031601060041",0
"031601060051",3
"031701060000",1
"031701060002",0
"031701060003",0
"031701060004",2
"031701060007",2
"040204040000",3
"040204040001",3
"040302060000",3
"040302060001",6
"040302060002",0
"040901040000",0
"040901040001",0
"040901040002",0
"041101040000",3
"041101040002",4
"041101040003",3
"041401040000",13
"041401040001",10
"042302040000",7
"042302040002",6
"042302040003",0
"042302040004",18
"042400010000",3
"042400010002",0
"042400010004",0
"042400010013",6
"042400010016",2
"042801060000",5
"042801060001",4
"042801060005",8
"042801060006",0
"042901040000",7
"042901040001",3
"042901040002",12
"043001040000",0
"043001040002",0
"043001040003",0
"043011020000",3
"043011020001",0
"043011020002",8
"043200050000",5
"043200050002",9
"043200050004",0
"043200050005",6
"043501060000",1
"043501060001",3
"043501060004",3
"043501060005",0
"043501060006",0
"050100010000",3
"050100010002",0
"050100010004",4
"050100010005",0
"050100010007",0
"050100010008",0
"050100010009",4
"050100010013",4
"050301040000",4
"050301040002",5
"050301040003",3
"050401040000",2
"050401040001",0
"050401040002",4
"050401040003",4
"050701040000",8
"050701040005",10
"050701040007",6
"051101040000",9
"051101040001",3
"051101040004",17
"051301040000",5
"051301040001",0
"051301040003",11
"051901040000",4
"051901040002",0
"051901040005",0
"051901040006",7
"060201060000",3
"060201060003",9
"060201060006",0
"060201060007",0
"060301040000",1
"060301040002",0
"060301040004",3
"060401040000",2
"060401040003",0
"060401040006",4
"060503040000",3
"060503040001",5
"060503040002",3
"060601040000",6
"060601040002",0
"060601040003",6
"060701040000",17
"060701040003",17
"060800010000",5
"060800010003",0
"060800010004",0
"060800010005",0
"060800010007",0
"060800010009",7
"060800010010",13
"080601040002",0
"080601040003",0
"080601040004",5
"081003040000",3
"081003040003",3
"081003040006",3
"081200050000",3
"081200050001",0
"081200050002",3
"081200050003",5
"081200050004",5
"081401040000",6
"081401040001",6
"081501040000",1
"081501040001",0
"081501040002",5
"081501040003",0
"082001040000",4
"082001040002",0
"082001040003",23
"082001040004",0
"090201040000",2
"090201040001",0
"090201040002",4
"090201040004",0
"090201040005",7
"090301060000",2
"090301060001",0
"090301060003",2
"090301060005",3
"090301060006",2
"090501040000",3
"090501040002",7
"090501040003",0
"090501040006",3
"090501040007",5
"090601020000",9
"090601020001",0
"090601020002",22
"090901040000",2
"090901040001",0
"090901040002",4
"091101060000",1
"091101060004",1
"091101060005",0
"091200010000",5
"091200010001",0
"091200010003",3
"091200010004",5
"091200010005",13
"091200010006",2
"091402060000",1
"091402060002",0
"091402060004",3
"091402060005",0
"091402060007",3
"100308020000",19
"100308020001",30
"100308020002",0
"100501040000",2
"100501040003",2
"100501040006",0
"100902040000",2
"100902040003",0
"100902040004",0
"101001040000",3
"101001040001",0
"101001040002",3
"101001040006",9
"101300010000",2
"101300010001",5
"101300010003",0
"101300010004",3
"101401040000",3
"101401040004",0
"101401040005",2
"101401040006",6
"101601040000",0
"101601040002",0
"101601040003",0
"110101040000",9
"110101040001",0
"110101040002",29
"110101040003",0
"110200010000",1
"110200010003",0
"110200010004",0
"110200010008",0
"110200010009",0
"110200010010",0
"110200010011",0
"110200010012",9
"110304040000",5
"110304040001",4
"110304040002",6
"110701060000",2
"110701060001",0
"110701060002",3
"110701060003",0
"110701060006",2
"110901040000",1
"110901040001",0
"110901040002",0
"111111111111",11
"120102040000",17
"120102040001",18
"120301040000",17
"120301040001",19
"140207060000",2
"140207060002",0
"140207060003",0
"140207060005",6
"140207060006",1
"140207060007",0
"140207060008",0
"140301030000",2
"140301030001",0
"140301030004",3
"140301030005",3
"140600010000",9
"140600010001",3
"140600010003",10
"140600010006",9
"140600010017",0
"140600010018",3
"140600010019",3
"140600010027",4
"140600010031",3
"140600010033",31
"140600010037",13
"140600010042",5
"140600010043",4
"140600010045",1
"140600010053",3
"140600010054",0
"140600010056",19
"140600010059",5
"140600010061",0
"140600010064",3
"140600010065",0
"140600010066",25
"140600010069",3
"140600010072",0
"140600010074",6
"140600010076",23
"140600010080",9
"140600010081",2
"120401040000",0
"120401040001",0
"120501040000",9
"120501040001",0
"120501040002",14
"120701040000",3
"120701040001",4
"120906040000",9
"120906040001",0
"120906040002",15
"121401040000",5
"121401040001",5
"121502040000",3
"121502040001",3
"121601060000",3
"121601060002",0
"121601060005",18
"121601060006",5
"121701040000",6
"121701040001",7
"121702040000",5
"121702040001",6
"121901040000",0
"121901040001",0
"121901040002",0
"121901040003",0
"130200010000",2
"130200010001",0
"130200010002",4
"130200010003",4
"130200010004",3
"130200010005",0
"130200010006",0
"130502020000",1
"130502020001",0
"130502020002",0
"130502020003",0
"130502020004",0
"130801060000",2
"130801060002",0
"130801060003",0
"130801060005",0
"130801060006",6
"130801060007",0
"130801060008",0
"131101040000",12
"131101040004",7
"131101040006",0
"131101040007",14
"131201040000",2
"131201040001",0
"131201040002",0
"131201040003",0
"131301040000",0
"131301040001",0
"131301040002",0
"131301040003",0
"131500010000",1
"131500010001",0
"131500010003",0
"131500010006",0
"131500010007",0
"131500010009",0
"131500010010",0
"131500010011",4
"131500010013",0
"131601060000",0
"131601060001",0
"131601060002",0
"131601060004",0
"131601060005",0
"131601060008",0
"131601060010",0
"131601060011",0
"131601060012",0
"131601060013",0
"131601060014",0
"131601060015",0
"131602020000",1
"131602020001",0
"131602020003",0
"131602020004",3
"131602020005",2
"131701060000",1
"131701060002",0
"131701060004",6
"131701060006",0
"131701060008",0
"131801040000",0
"131801040001",0
"131801040002",0
"131801040003",0
"132101060000",2
"132101060001",0
"132101060002",0
"132101060003",0
"132101060004",3
"132101060005",5
"132101060006",0
"132101060007",0
"132101060008",0
"132101060009",2
"132101060010",0
"132101060011",2
"132101060012",0
"132101060013",2
"132101060015",2
"132101060016",20
"132201040000",0
"132201040001",0
"132201040002",0
"132201040003",0
"132201040005",0
"140101060000",0
"140101060003",0
"140101060005",0
"140101060006",0
"140101060007",0
"140201060000",0
"140201060001",0
"140201060002",0
"140201060005",0
"140201060006",0
"140203060000",0
"140203060001",0
"140203060002",0
"140203060003",0
"140203060004",0
"140203060005",0
"140203060007",0
"140203060008",0
"140203060009",2
"140203060010",0
"140203060011",0
"140203060012",0
"140203060013",0
"140203060015",0
"141301060004",0
"141301060005",4
"141301060006",0
"141301060007",0
"141401060000",1
"141401060001",0
"141401060003",3
"141401060004",0
"141401060008",4
"141401060009",0
"141501060000",1
"141501060001",0
"141501060003",0
"141501060004",2
"141501060005",2
"141501060006",0
"141601060000",0
"141601060001",0
"141601060002",0
"141601060003",0
"141601060004",0
"141601060006",0
"141601060007",0
"141604060000",1
"141604060003",2
"141604060004",0
"141604060005",0
"141604060006",0
"141604060007",1
"141604060008",2
"141701040000",3
"141701040001",0
"141701040002",0
"141701040004",0
"141800010000",3
"141800010005",4
"141800010008",3
"141800010010",3
"141800010011",0
"141800860044",18
"141901060000",0
"141901060001",0
"141901060004",0
"141901060005",0
"141901060006",0
"141901060007",0
"141901060008",0
"141901060010",0
"142101040000",1
"142101040001",0
"142101040002",0
"142101040003",0
"142201040000",5
"142201040001",13
"142201040002",0
"142301060000",1
"142301060001",0
"142301060002",1
"142301060003",0
"142301060005",0
"142301060006",4
"142301060007",0
"142500010000",2
"142500010003",0
"142500010005",0
"142500010007",0
"142500010009",3
"142601030000",2
"140600010082",0
"140600010084",0
"140600010093",1
"140600010094",0
"140600010097",18
"140600010098",13
"140600010101",2
"140600010102",4
"140600010104",4
"140600010105",20
"140600010108",36
"140600010110",22
"140600010118",5
"140600010119",7
"140600010122",3
"140600010126",2
"140600010128",4
"140600010129",6
"140600010130",6
"140600010132",24
"140600010133",11
"140600010135",7
"140600010140",32
"140600010141",27
"140600010197",8
"140600010308",9
"140600010309",3
"140600010310",15
"140600010311",33
"140600010312",10
"140600010313",3
"140600010314",23
"140600010315",0
"140600010316",11
"140600860814",40
"140600860817",20
"140600860838",25
"140600860851",14
"140600860856",40
"140600860861",41
"140600860863",43
"140600860874",17
"140600860896",25
"140600860911",68
"140600860961",38
"140600860986",17
"140600861072",17
"140600861105",9
"140600861109",25
"140600861129",58
"140600861134",40
"140701060000",6
"140701060004",0
"140701060006",0
"140701060007",4
"140702030000",1
"140702030003",0
"140702030004",0
"140702030005",0
"140702030006",2
"140703020000",0
"140703020002",0
"140703020003",0
"140703020004",0
"140707030000",0
"140707030003",0
"140707030004",0
"140707030005",0
"140709030000",1
"140709030001",0
"140709030002",0
"140709030003",3
"140709030004",0
"140801060000",0
"140801060002",0
"140801060003",0
"140801060005",0
"140801060006",0
"140801060007",0
"140801060008",0
"141101060000",2
"141101060001",0
"141101060002",0
"141101060003",0
"141101060004",9
"141201060000",2
"141201060001",5
"141201060002",0
"141201060005",0
"141301060000",1
"141301060002",0
"141301060003",0
"142601030003",0
"142601030006",0
"142601030011",8
"142601030013",0
"142601030020",0
"142601030023",0
"142601030024",0
"142601030025",2
"142601030026",2
"142601860031",21
"142801060000",0
"142801060003",0
"142801060005",0
"142801060008",0
"142801060010",1
"142801060011",0
"142801060015",0
"142801060016",0
"142801060017",0
"142801060018",2
"150203040000",21
"150203040001",22
"150301040000",0
"150301040001",0
"150601040000",8
"150601040001",8
"150801040000",0
"150801040001",0
"150901040000",6
"150901040004",8
"150901040007",3
"151001040000",11
"151001040001",12
"151102040000",14
"151102040001",20
"151102040002",6
"151401040000",3
"151401040001",4
"151501060000",4
"151501060001",4
"151501060003",0
"151501060007",13
"151601040000",0
"151601040001",0
"151701040000",6
"151701040001",4
"160101060000",7
"160101060001",12
"160101060003",5
"160801040000",0
"160801040001",0
"160801040002",0
"161201040000",4
"161201040001",5
"161201040002",3
"161201040003",0
"161201040005",0
"161401060000",4
"161401060001",0
"161401060002",3
"161401060003",4
"161401060004",0
"161501060000",3
"161501060006",6
"161501060011",0
"161501060014",2
"161501060015",8
"161501060016",0
"161601040000",5
"161601040002",15
"161601040003",0
"161801040000",23
"161801040001",25
"170301020000",6
"170301020001",6
"170500010000",6
"170500010004",2
"170500010007",0
"170500010008",9
"170500010009",12
"170500010011",0
"170600010000",1
"170600010001",0
"170600010004",0
"170600010005",0
"170600010006",2
"170600010007",0
"170801040000",4
"170801040001",0
"170801040002",3
"170901040000",9
"170901040001",17
"170901040002",0
"171102040000",2
"171102040001",0
"171102040002",0
"171102040003",3
"171102040004",4
"180202040000",6
"180202040002",0
"180202040003",11
"180300010000",0
"180300010001",0
"180300010003",0
"180300010005",1
"180300010006",0
"180701040000",0
"180701040001",0
"180701040004",0
"180901040000",10
"180901040001",4
"180901040002",11
"181001060000",0
"181001060001",0
"181001060002",0
"181101040000",5
"181101040001",3
"181101040006",5
"181201040000",5
"181201040001",9
"181201040002",0
"181302040000",1
"181302040001",0
"181302040002",2
"181302040003",0
"190301040000",2
"190301040001",0
"190301040003",2
"190301040004",5
"190401060000",0
"190401060003",0
"190401060007",0
"190401060008",0
"190501040000",2
"190501040001",3
"190501040002",0
"190501040003",0
"190501040004",4
"190701040000",8
"190701040001",0
"190701040004",10
"190701040005",4
"190901040000",2
"190901040001",0
"190901040003",0
"191401040000",11
"191401040001",11
"200101080000",0
"200401040000",4
"200401040001",4
"200501080000",0
"200501080001",0
"200601040000",0
"200601040001",0
"200701040000",28
"200701040001",31
"200702020000",0
"200901040000",0
"200901040001",0
"210302040000",2
"210302040003",4
"210302040005",0
"210402060000",4
"210402060001",5
"210402060003",0
"210402060005",13
"210601060000",6
"210601060005",7
"210601060006",5
"210800050000",3
"210800050001",2
"210800050005",4
"210800050006",4
"211003040000",0
"211003040001",0
"211003040002",0
"211003040004",0
"211103040000",12
"211103040001",13
"211103040003",9
"211701040000",20
"211701040001",22
"211901020000",10
"211901020001",10
"212001040000",3
"212001040002",3
"212001040003",3
"212001040005",3
"212101040000",1
"212101040001",4
"212101040002",0
"212101040005",0
"212101040006",0
"220101040000",2
"220101040002",5
"220101040003",0
"220101040004",0
"220101040006",4
"220202040000",10
"220202040001",5
"220202040002",14
"220301060000",0
"220301060001",0
"220301060002",0
"220301060003",0
"220301060004",0
"220301060007",0
"220301060008",0
"220301060009",0
"220301060010",0
"220401040000",9
"220401040002",3
"220401040003",5
"220401040004",12
"220701040000",0
"220701040001",0
"220701040002",0
"220701040003",0
"220701040004",0
"220909040000",2
"220909040010",2
"221001040000",2
"221001040001",3
"221301040000",10
"221301040001",10
"221401040000",7
"221401040001",7
"222000010000",2
"222000010007",0
"222000010010",0
"222000010011",0
"222000010013",7
"222000010014",6
"222000010015",0
"222000010016",1
"222000010017",0
"222201060000",3
"222201060001",3
"222201060002",0
"222201060005",0
"222201060006",4
"222201060011",4
"230201040000",11
"230201040001",11
"230301040000",14
"230301040001",0
"230301040002",27
"230901040000",0
"230901040001",0
"230901040002",0
"230901040003",0
"231101040000",2
"231101040005",0
"231101040006",0
"231101040007",0
"231101040008",6
"231301040000",6
"231301040001",0
"231301040002",13
"231301040004",20
"240101040000",3
"240101040001",0
"240101040002",4
"240101040003",4
"240201040000",0
"240201040001",0
"240201040002",0
"240201040003",0
"240401040000",8
"240401040001",13
"240401040002",3
"240801060000",0
"240801060001",0
"240801060002",0
"240801060003",0
"240901040000",3
"240901040001",8
"240901040002",0
"241001060000",8
"241001060001",0
"241001060003",10
"241001060004",9
"241101040000",0
"241101040001",0
"241101040002",0
"241101040003",0
"241701040000",5
"241701040003",6
"241701040004",3
"250109040000",13
"250109040001",14
"250201060000",2
"250201060001",4
"250201060002",2
"250201060006",3
"250301040000",2
"250301040001",5
"250301040002",0
"250401040000",2
"250401040001",0
"250401040004",3
"250701040000",9
"250701040001",5
"250701040002",0
"250901060000",1
"250901060003",0
"250901060004",0
"250901060005",0
"250901060006",6
"251101040000",7
"251101040003",8
"251400010000",1
"251400010002",0
"251400010003",0
"251400010005",0
"251400010006",0
"251400010008",2
"251400010009",0
"251501040000",0
"251501040001",0
"251601060000",3
"251601060001",5
"251601060002",3
"251601060003",6
"251601060005",0
"260101060000",1
"260101060001",2
"260101060004",2
"260101060008",0
"260101060010",0
"260401060000",0
"260401060001",1
"260401060002",0
"260401060004",0
"260401060007",0
"260401060008",0
"260401060009",0
"260501060000",0
"260501060001",0
"260501060002",0
"260501060004",0
"260501060006",0
"260501060007",0
"260501060008",0
"260501060009",0
"260501060010",0
"260501060011",0
"260501060012",0
"260501060013",0
"260501060015",0
"260501060016",0
"260501060019",0
"260501060020",0
"260501060023",2
"260501060024",0
"260501861002",0
"261301060006",0
"261301060007",0
"261301060008",3
"261301060009",2
"261301060010",0
"261313030000",2
"261313030001",0
"261313030002",2
"261401060000",0
"261401060001",0
"260501861020",29
"260501861067",14
"260801060000",1
"260801060003",0
"260801060005",0
"260801060006",1
"260801060009",0
"260801060011",0
"260801060012",3
"260803060000",0
"260803060001",0
"260803060002",0
"260803060003",3
"260803060004",0
"260803060005",0
"260803060007",0
"260803060009",0
"260803060011",0
"260803060012",0
"260803060014",0
"260901060000",1
"260901060001",0
"260901060002",0
"260901060004",0
"260901060005",2
"261001060000",2
"261001060001",3
"261001060002",3
"261001060003",2
"261001060005",3
"261001060006",0
"261001060007",0
"261101060000",1
"261101060001",0
"261101060002",0
"261101060004",2
"261101060005",4
"261101060006",0
"261201060000",0
"261201060003",0
"261201060004",0
"261201060005",0
"261201060006",0
"261201060008",0
"261201060009",0
"261301060000",1
"261301060001",0
"261301060002",0
"261301060004",2
"261501060003",0
"261501060004",1
"261501060006",0
"261501060008",0
"261600010000",4
"261600010002",0
"261600010003",0
"261600010004",8
"261600010005",4
"261600010007",0
"261600010008",6
"261600010009",9
"261600010010",0
"261600010012",8
"261600010015",0
"261600010016",0
"261600010017",4
"261600010019",2
"261600010020",0
"261600010022",2
"261600010023",0
"261600010025",0
"261600010028",6
"261600010029",0
"261600010033",0
"261600010034",0
"261600010035",0
"261600010039",5
"261600010042",0
"261401060002",0
"261401060004",0
"261401060005",0
"261401060006",0
"261401060008",0
"261401060009",0
"261401060010",0
"261401060011",0
"261501060000",1
"261501060002",0
"261600010043",0
"261600010044",0
"261600010045",2
"261600010046",0
"261600010050",2
"261600010052",0
"261600010053",0
"261600010054",0
"261600010057",0
"261600010058",1
"261600010061",10
"261600010066",11
"261600010067",0
"261600010068",6
"261600010069",0
"261600010073",8
"261600010074",7
"261600010089",9
"261600010095",7
"261600010097",11
"261600010101",6
"261600010102",3
"261600010103",4
"261600010105",14
"261600010106",0
"261600860705",56
"261600860811",53
"261600860826",10
"261600860877",51
"261600860906",57
"261600860910",53
"261600860985",66
"261600861049",33
"261600861069",38
"261600861071",0
"261600861102",59
"261701060000",1
"261701060002",0
"261701060004",0
"261701060005",0
"261701060006",0
"261701060012",0
"261701060013",0
"261701060014",2
"261701060015",2
"261701060016",2
"261801060000",3
"261801060002",5
"261801060003",2
"261801060004",0
"261801060005",6
"261801060006",0
"261901060000",1
"261901060002",0
"261901060003",0
"261901060004",0
"261901060006",0
"261901060007",0
"261901060009",1
"261901060010",2
"261901060011",3
"261901060013",0
"261901060014",3
"261901060015",1
"262001040000",4
"262001040003",5
"262001040004",4
"270100010000",3
"270100010003",0
"270100010006",3
"270100010009",4
"270100010010",5
"270100010018",0
"270100010019",0
"270301040000",5
"270301040002",8
"270301040003",6
"270301040004",0
"270601040000",2
"270601040001",0
"270601040002",0
"270601040003",3
"270701040000",0
"270701040001",0
"270701040003",0
"271201040000",3
"271201040001",0
"271201040004",6
"280100010000",1
"280100010001",4
"280100010003",0
"280100010004",4
"280100010005",0
"280100010007",0
"280100010008",0
"280201030000",1
"280201030001",2
"280201030002",0
"280201030003",0
"280201030004",0
"280201030007",1
"280201030008",0
"280201030009",0
"280201030010",1
"280201030011",0
"280201030016",0
"280201860934",58
"280201860947",35
"280202030000",0
"280202030003",0
"280202030004",0
"280202030005",0
"280202030006",0
"280202030007",0
"280202030008",0
"280202030009",0
"280202030010",0
"280202861142",25
"280203030000",0
"280203030001",0
"280203030002",0
"280203030003",0
"280203030006",0
"280203030008",0
"280203030009",0
"280203030010",0
"280203030011",0
"280203030012",0
"280204020000",0
"280204020003",0
"280204020004",0
"280204020005",0
"280204020006",0
"280204020007",0
"280205030000",1
"280205030001",0
"280205030002",0
"280205030005",0
"280205030006",0
"280205030009",0
"280205030010",4
"280205030011",2
"280205030013",4
"280205030015",0
"280205030016",0
"280206030000",0
"280206030003",0
"280206030004",0
"280206030005",0
"280206030006",0
"280207020000",0
"280207020002",0
"280207020003",0
"280207020004",0
"280208030000",3
"280208030002",0
"280208030003",3
"280208030004",0
"280208030005",4
"280208030009",6
"280208860024",28
"280209030000",0
"280209030001",0
"280209030002",0
"280209030003",0
"280209030004",0
"280209030005",0
"280209030006",0
"280209030007",0
"280209030009",0
"280210030000",0
"280210030001",0
"280210030004",0
"280210030005",0
"280210030007",0
"280210030010",0
"280210030012",0
"280210030013",0
"280211030000",1
"280211030002",0
"280211030003",0
"280211030004",0
"280211030005",0
"280211030007",0
"280211030008",0
"280211030009",0
"280211030010",0
"280211030011",0
"280211030016",7
"280212030000",1
"280212030001",0
"280212030002",0
"280212030005",0
"280212030006",3
"280213020000",0
"280213020001",0
"280213020002",0
"280213020003",0
"280213020004",0
"280214030000",1
"280214030001",0
"280214030002",0
"280214030003",0
"280214030006",0
"280214030007",2
"280215030000",0
"280215030002",0
"280215030004",0
"280215030005",0
"280215030007",0
"280215030008",0
"280216020000",0
"280216020001",0
"280216020002",0
"280216020003",0
"280216020004",2
"280216020006",0
"280216020007",0
"280217020000",1
"280217020001",0
"280217020003",2
"280217020004",2
"280218030000",1
"280218030001",0
"280218030002",0
"280218030003",0
"280218030004",0
"280218030005",0
"280218030006",4
"280218030007",0
"280219030000",0
"280219030001",0
"280219030002",0
"280219030004",0
"280220030000",2
"280220030001",0
"280220030002",0
"280220030003",0
"280220030004",0
"280220030005",9
"280220030006",6
"280220030007",0
"280221030000",0
"280221030001",0
"280221030002",0
"280221030003",0
"280221030004",0
"280221030005",0
"280221030006",0
"280221030008",0
"280222020000",0
"280222020001",0
"280222020002",0
"280223030000",0
"280223030001",0
"280223030002",0
"280223030004",0
"280223030005",1
"280223030006",0
"280224020000",0
"280224020001",0
"280224020003",0
"280224020004",0
"280225020000",1
"280225020001",2
"280225020002",2
"280225020003",0
"280226030000",1
"280226030002",0
"280226030003",0
"280226030004",0
"280226030006",0
"280227030000",1
"280227030002",0
"280227030003",0
"280227030004",0
"280227030005",4
"280227030006",0
"280229020000",0
"280229020001",0
"280229020002",0
"280229020003",0
"280230020000",0
"280230020001",0
"280230020002",0
"280230020003",0
"280231020000",0
"280231020001",0
"280231020003",0
"280251070000",3
"280251070001",3
"280251070002",2
"280251070003",5
"280251070004",3
"280252070000",0
"280252070002",0
"280252070003",0
"280252070004",0
"280252070005",0
"280252070006",0
"280253070000",0
"280253070002",0
"280253070004",0
"280253070005",0
"280253070006",0
"280253070007",0
"280300010000",2
"280300010002",0
"280300010003",2
"280300010004",0
"280300010005",3
"280300010006",6
"280300010008",0
"280401030000",1
"280401030001",2
"280401030002",0
"280401030003",0
"280401030005",0
"280401030006",1
"280401030007",0
"280402030000",0
"280402030001",0
"280402030002",0
"280402030003",0
"280403030000",1
"280403030004",0
"280403030006",3
"280403030007",0
"280403030008",0
"280403030009",2
"280404030000",1
"280404030002",0
"280404030004",0
"280404030005",0
"280404030006",0
"280404030007",0
"280404030008",2
"280404030009",2
"280405020000",1
"280405020001",0
"280405020002",0
"280405020003",0
"280405020004",0
"280406030000",1
"280406030002",2
"280406030003",0
"280406030004",0
"280406030005",0
"280407030000",1
"280407030006",0
"280407030007",0
"280407030008",0
"280407030009",0
"280407030010",0
"280407030012",5
"280407030013",0
"280407030014",0
"280407030015",0
"280407030016",0
"280409030000",0
"280409030001",0
"280409030002",0
"280409030004",0
"280409030007",1
"280409030008",0
"280410030000",3
"280410030002",0
"280410030003",0
"280410030004",4
"280410030006",2
"280410030007",6
"280411030000",1
"280411030001",0
"280411030002",0
"280411030003",1
"280501060000",2
"280501060001",0
"280501060002",0
"280501060003",3
"280501060004",1
"280501060005",4
"280502060000",1
"280502060001",4
"280502060002",7
"280502060003",0
"280502060004",3
"280502060006",0
"280502060007",0
"280502060010",0
"280502060011",1
"280502060012",0
"280502060014",1
"280503060000",1
"280503060001",0
"280503060002",6
"280503060003",0
"280503060004",0
"280503060005",0
"280503060006",0
"280504060000",1
"280504060001",0
"280504060004",0
"280504060006",2
"280504060010",0
"280504060012",0
"280504060014",3
"280504060015",0
"280506060000",0
"280506060002",0
"280506060003",0
"280506060005",0
"280515030000",1
"280515030001",0
"280515030002",0
"280515030003",0
"280515030005",0
"280515030006",3
"280517030000",0
"280517030001",0
"280517030002",0
"280517030004",0
"280517030005",0
"280517030006",0
"280517030008",0
"280517030010",0
"280517030011",0
"280517030013",0
"280518030000",2
"280518030001",7
"280518030002",0
"280518030003",0
"280518030006",0
"280518030009",1
"280521030000",1
"280521030002",0
"280521030003",0
"280521030004",0
"280521030006",0
"280521030008",6
"280522030000",0
"280522030001",0
"280522030002",0
"280522030004",0
"280522030006",0
"280522030008",1
"280522030009",1
"280523030000",0
"280523030001",0
"280523030003",0
"280523030004",0
"280523030006",0
"280523030007",0
"280523030010",0
"280523030011",1
"280523030012",0
"280523030014",0
"300000010000",20
"300000010777",0
"307500010000",23
"307500011035",70
"307500011079",57
"307500011094",6
"307500011138",7
"307500011169",22
"307500011226",16
"307500011401",3
"307500011721",52
"307500011751",41
"307500011811",38
"307500012010",16
"307500012012",83
"307500012017",16
"307500012168",31
"307500012176",5
"307500012186",11
"307500012188",11
"307500012352",19
"307500012469",0
"307500012596",3
"307500012721",6
"307500012723",15
"307500012754",38
"307500012811",86
"307500013004",11
"307500013036",2
"307500013053",25
"307500013077",15
"307500013140",38
"307500013141",45
"307500013231",47
"307500013368",34
"307500013369",17
"307500013370",0
"307500013371",36
"307500013372",1
"307500013373",79
"307500013396",12
"307500013721",4
"307500013753",69
"307500013771",15
"307500013811",86
"307500014004",0
"307500014009",25
"307500014023",18
"307500014075",26
"307500014177",2
"307500014224",3
"307500014233",61
"307500014255",4
"307500014256",42
"307500014277",14
"307500014721",71
"307500014752",27
"307500014811",20
"307500014993",2
"307500015025",36
"307500015037",0
"307500015373",1
"307500015721",7
"310100010000",25
"310100010015",68
"310100010019",3
"310100010020",15
"310100010034",48
"310100010063",10
"310100010064",19
"310100010110",0
"310100010134",15
"310100010140",16
"310100010142",5
"310100010184",10
"310100010188",8
"310100010315",0
"310100010332",54
"310100010361",19
"310100010363",22
"310100010364",0
"310100010378",53
"310100010839",40
"310100011292",47
"310100011448",28
"310100011450",61
"310100011458",53
"310100011509",0
"310100011515",46
"310100011539",20
"310100011650",0
"310100011696",33
"310100860866",62
"310100860873",70
"310100861031",50
"310100861055",0
"310200010000",23
"310200010001",4
"310200010002",7
"310200010003",20
"310200010006",5
"310200010011",0
"310200010033",12
"310200010040",2
"310200010041",25
"310200010042",7
"310200010047",23
"310200010051",20
"310200010059",5
"310200010077",0
"310200010089",0
"310200010104",23
"310200010111",21
"310200010114",27
"310200010116",3
"310200010124",0
"310200010126",34
"310200010130",0
"310200010131",19
"310200010150",8
"310200010151",11
"310200010158",2
"310200010167",23
"310200010177",22
"310200010183",0
"310200010198",0
"310200010212",0
"310200010217",3
"310200010234",7
"310200010255",20
"310200010260",57
"310200010267",4
"310200010276",11
"310200010281",0
"310200010289",15
"310200010290",55
"310200010297",24
"310200010310",89
"310200010312",41
"310200010340",4
"310200010343",3
"310200010347",5
"310200010397",26
"310200010412",32
"310200010413",35
"310200010414",14
"310200010416",11
"310200010418",13
"310200010527",0
"310200010896",19
"310200010933",5
"310200011135",52
"310200011139",73
"310200011225",8
"310200011280",53
"310200011282",64
"310200011288",0
"310200011294",36
"310200011296",31
"310200011298",62
"310200011300",30
"310200011303",3
"310200011305",0
"310200011308",37
"310200011313",62
"310200011316",44
"310200011374",29
"310200011376",30
"310200011392",37
"310200011393",63
"310200011394",21
"310200011399",43
"310200011400",23
"310200011407",11
"310200011408",55
"310200011411",29
"310200011419",73
"310200011420",18
"310200011422",36
"310200011425",38
"310200011427",25
"310200011432",25
"310200011437",30
"310200011438",26
"310200011439",10
"310200011442",31
"310200011449",63
"310200011459",27
"310200011475",4
"310200011489",35
"310200011500",50
"310200011507",48
"310200011519",11
"310200011520",63
"310200011529",50
"310200011531",27
"310200011533",47
"310200011534",44
"310200011542",11
"310200011543",48
"310200011544",25
"310200011545",20
"310200011546",41
"310200011550",19
"310200011551",52
"310200011560",17
"310200011565",0
"310200011570",53
"310200011575",20
"310200011580",20
"310200011586",22
"310200011600",16
"310200011605",58
"310200011615",34
"310200011630",23
"310200011655",56
"310200860819",36
"310200860992",66
"310200861042",69
"310200861043",57
"310200861087",43
"310200861104",87
"310300010000",21
"310300010009",0
"310300010054",53
"310300010075",0
"310300010076",9
"310300010084",8
"310300010087",0
"310300010145",18
"310300010149",32
"310300010163",5
"310300010165",8
"310300010166",5
"310300010180",24
"310300010185",3
"310300010191",16
"310300010199",39
"310300010241",19
"310300010242",5
"310300010243",31
"310300010245",48
"310300010247",38
"310300010250",6
"310300010256",33
"310300010258",33
"310300010333",30
"310300010334",50
"310300010421",28
"310300010452",0
"310300010862",25
"310300011291",0
"310300011299",54
"310300011307",30
"310300011402",63
"310300011403",7
"310300011404",33
"310300011415",27
"310300011417",7
"310300011479",35
"310300011485",8
"310300011492",48
"310300011494",22
"310300011505",9
"310300011541",8
"310300011859",46
"310300011860",58
"310300860804",50
"310300860871",46
"310300860875",0
"310300860881",42
"310300860897",89
"310300860923",76
"310300860963",57
"310300861008",80
"310300861034",77
"310400010000",19
"310400010007",13
"310400010012",8
"310400010037",11
"310400010038",0
"310400010057",7
"310400010072",14
"310400010083",0
"310400010096",22
"310400010102",0
"310400010108",14
"310400010112",2
"310400010146",3
"310400010155",19
"310400010171",10
"310400010182",7
"310400010206",49
"310400010224",18
"310400010372",26
"310400010375",8
"310400010377",41
"310400010497",6
"310400010825",28
"310400010964",44
"310400011435",14
"310400011495",56
"310400011555",28
"310400011610",52
"310400011680",14
"310400860806",52
"310400860812",70
"310400860840",72
"310400860849",78
"310400860919",62
"310400860922",72
"310400860968",62
"310400860995",0
"310400861046",0
"310400861061",30
"310400861081",0
"310500010000",24
"310500010030",9
"310500010036",3
"310500010046",9
"310500010092",4
"310500010123",9
"310500010125",5
"310500010129",5
"310500010133",4
"310500010154",4
"310500010161",36
"310500010175",12
"310500010194",43
"310500010197",23
"310500010200",3
"310500010286",25
"310500010318",6
"310500010514",69
"310500010517",43
"310500011148",46
"310500011157",79
"310500011285",38
"310500011304",41
"310500011362",68
"310500011369",42
"310500011499",13
"310500011670",43
"310500011692",19
"310500860848",77
"310500860858",76
"310500860864",45
"310500860883",0
"310500860886",45
"310500860894",76
"310500860921",78
"310500860928",80
"310500860979",73
"310500860989",67
"310500861001",71
"310500861012",56
"310500861015",77
"310500861088",65
"310600010000",25
"310600010004",0
"310600010005",2
"310600010008",17
"310600010018",32
"310600010028",0
"310600010048",2
"310600010052",50
"310600010098",0
"310600010103",6
"310600010115",32
"310600010128",0
"310600010132",0
"310600010143",38
"310600010152",12
"310600010153",14
"310600010173",17
"310600010178",0
"310600010187",22
"310600010189",17
"310600010192",3
"310600010209",81
"310600010210",38
"310600010223",33
"310600010278",9
"310600010311",33
"310600010314",40
"310600010319",59
"310600010322",46
"310600010324",52
"310600010328",42
"310600010349",70
"310600010366",9
"310600010368",13
"310600010513",12
"310600010528",38
"310600011211",3
"310600011293",76
"310600011346",61
"310600011348",54
"310600011423",30
"310600011462",66
"310600011463",38
"310600011467",8
"310600011468",14
"310600011540",17
"310600011552",29
"310600860887",63
"310600860929",46
"310600860966",0
"310600861013",62
"310600861073",73
"310600861101",69
"310600861111",61
"310600861140",71
"320700010000",27
"320700010001",20
"320700010005",17
"320700010018",13
"320700010025",2
"320700010029",23
"320700010030",41
"320700010031",8
"320700010043",6
"320700010049",25
"320700010065",22
"320700010151",41
"320700010154",21
"320700010157",4
"320700010161",7
"320700010179",27
"320700010223",42
"320700010224",41
"320700010277",21
"320700010296",58
"320700010298",67
"320700010343",10
"320700010359",41
"320700010369",15
"320700010584",37
"320700011221",34
"320700011259",34
"320700011334",4
"320700011379",61
"320700011381",47
"320700011427",4
"320700011473",27
"320700011495",15
"320700011500",60
"320700011522",60
"320700011527",29
"320700011548",32
"320700011551",48
"320700011557",4
"320700011600",32
"320700011670",9
"320700860703",32
"320700860820",59
"320700860852",44
"320700860889",0
"320700860915",67
"320700860920",70
"320700860925",70
"320700860926",61
"320700860957",85
"320700860981",91
"320700860994",96
"320700861005",0
"320700861014",71
"320700861018",58
"320700861028",48
"320700861035",53
"320700861062",0
"320700861070",27
"320700861080",0
"320700861100",0
"320700861106",71
"320700861114",0
"320700861139",75
"320700861141",71
"320800010000",18
"320800010014",0
"320800010036",0
"320800010048",0
"320800010062",2
"320800010069",4
"320800010071",6
"320800010072",0
"320800010075",0
"320800010093",9
"320800010100",0
"320800010101",26
"320800010107",11
"320800010119",0
"320800010123",29
"320800010130",5
"320800010131",25
"320800010138",7
"320800010140",5
"320800010146",6
"320800010152",2
"320800010182",2
"320800010301",36
"320800010302",33
"320800010304",0
"320800010312",16
"320800010333",0
"320800010337",22
"320800010371",28
"320800010375",50
"320800010392",3
"320800010424",40
"320800010448",36
"320800010467",20
"320800010562",22
"320800010583",0
"320800011269",25
"320800011282",33
"320800011293",37
"320800011320",61
"320800011348",24
"320800011349",58
"320800011367",13
"320800011376",41
"320800011377",53
"320800011405",23
"320800011432",43
"320800011452",21
"320800011530",55
"320800011537",7
"320800011558",18
"320800011559",57
"320800011561",61
"320800860846",0
"320800860872",30
"320800860903",53
"320800860940",70
"320800861017",60
"320800861030",29
"320800861044",87
"320800861068",67
"320800861074",81
"320900010000",28
"320900010004",15
"320900010011",2
"320900010022",67
"320900010028",2
"320900010035",2
"320900010042",20
"320900010053",8
"320900010055",6
"320900010058",15
"320900010063",3
"320900010070",21
"320900010073",9
"320900010088",0
"320900010109",4
"320900010110",0
"320900010114",2
"320900010117",25
"320900010126",8
"320900010128",39
"320900010132",16
"320900010163",14
"320900010170",10
"320900010199",27
"320900010204",5
"320900010215",41
"320900010218",12
"320900010219",47
"320900010229",33
"320900010232",46
"320900010236",30
"320900010274",7
"320900010294",17
"320900010303",74
"320900010311",3
"320900010313",62
"320900010323",40
"320900010327",46
"320900010328",58
"320900010339",37
"320900010361",67
"320900010443",11
"320900010449",10
"320900010454",62
"320900010457",0
"320900010555",14
"320900010568",62
"320900010593",40
"320900010594",44
"320900011227",48
"320900011231",47
"320900011241",57
"320900011250",37
"320900011252",52
"320900011260",70
"320900011263",36
"320900011297",71
"320900011324",58
"320900011329",14
"320900011350",46
"320900011365",22
"320900011403",48
"320900011404",43
"320900011412",8
"320900011413",50
"320900011505",39
"320900011517",23
"320900011525",47
"320900011543",28
"320900011564",31
"320900860807",72
"320900860823",0
"320900860835",21
"320900860839",40
"320900860913",37
"320900860962",64
"320900860980",78
"320900861004",68
"320900861029",31
"320900861073",43
"320900861084",67
"320900861122",67
"321000010000",22
"321000010003",35
"321000010007",2
"321000010008",3
"321000010009",3
"321000010015",15
"321000010020",23
"321000010023",8
"321000010024",17
"321000010032",9
"321000010033",26
"321000010037",11
"321000010045",42
"321000010046",8
"321000010051",0
"321000010054",3
"321000010056",2
"321000010059",2
"321000010077",19
"321000010080",52
"321000010081",0
"321000010085",0
"321000010086",9
"321000010091",22
"321000010094",30
"321000010095",29
"321000010118",35
"321000010159",7
"321000010205",7
"321000010206",25
"321000010207",46
"321000010209",9
"321000010225",23
"321000010226",6
"321000010228",19
"321000010244",27
"321000010246",4
"321000010254",42
"321000010279",4
"321000010280",42
"321000010291",13
"321000010306",24
"321000010307",7
"321000010308",40
"321000010310",18
"321000010315",20
"321000010331",52
"321000010340",4
"321000010344",20
"321000010360",20
"321000010363",55
"321000010368",52
"321000010382",15
"321000010386",6
"321000010390",65
"321000010391",32
"321000010396",17
"321000010447",40
"321000011141",24
"321000011213",35
"321000011237",6
"321000011243",23
"321000011264",59
"321000011268",13
"321000011284",67
"321000011319",64
"321000011342",58
"321000011351",6
"321000011353",32
"321000011374",38
"321000011397",26
"321000011433",21
"321000011434",38
"321000011437",23
"321000011438",32
"321000011439",15
"321000011440",38
"321000011442",43
"321000011445",4
"321000011459",42
"321000011477",16
"321000011524",16
"321000011546",67
"321000011549",61
"321000011565",19
"321000011696",4
"321000860704",79
"321000860904",80
"321000860914",47
"321000860999",50
"321000861064",59
"321000861074",37
"321000861075",0
"321000861135",92
"321100010000",25
"321100010016",13
"321100010019",12
"321100010021",16
"321100010041",15
"321100010068",3
"321100010076",0
"321100010078",23
"321100010083",36
"321100010087",18
"321100010089",12
"321100010096",18
"321100010097",2
"321100010103",8
"321100010105",19
"321100010106",3
"321100010108",8
"321100010111",4
"321100010112",19
"321100010121",5
"321100010127",58
"321100010144",49
"321100010153",3
"321100010160",0
"321100010169",0
"321100010175",26
"321100010178",0
"321100010180",51
"321100010181",40
"321100010189",25
"321100010194",9
"321100010287",56
"321100010326",56
"321100010355",54
"321100010357",13
"321100010370",59
"321100010462",26
"321100010468",56
"321100010481",29
"321100010483",15
"321100010498",40
"321100010529",71
"321100010532",39
"321100010556",39
"321100010566",59
"321100010567",21
"321100011249",10
"321100011253",57
"321100011265",53
"321100011270",54
"321100011275",6
"321100011288",42
"321100011290",46
"321100011299",17
"321100011418",66
"321100011455",16
"321100011508",9
"321100011509",30
"321100011513",12
"321100011514",54
"321100011542",55
"321100011544",21
"321100011545",43
"321100860855",24
"321100860859",49
"321100860909",20
"321100860917",15
"321100860948",38
"321100860956",71
"321100860982",48
"321100861076",36
"321100861103",50
"321100861115",44
"321100861120",14
"321100861126",0
"321200010000",25
"321200010006",18
"321200010044",7
"321200010047",14
"321200010057",23
"321200010061",5
"321200010066",6
"321200010067",3
"321200010098",55
"321200010129",15
"321200010134",12
"321200010150",7
"321200010190",36
"321200010195",23
"321200010196",0
"321200010211",16
"321200010212",0
"321200010214",18
"321200010217",65
"321200010242",64
"321200010273",29
"321200010286",20
"321200010300",15
"321200010314",4
"321200010316",54
"321200010318",88
"321200010341",72
"321200010383",52
"321200010458",0
"321200010463",0
"321200010531",18
"321200010536",18
"321200010595",31
"321200011248",23
"321200011251",19
"321200011267",64
"321200011271",26
"321200011388",22
"321200011446",21
"321200011478",20
"321200011479",55
"321200011480",15
"321200011511",26
"321200011521",31
"321200011550",68
"321200011682",24
"321200011684",16
"321200011691",29
"321200860870",73
"321200860898",70
"321200860965",42
"321200861010",65
"321200861026",72
"321200861107",100
"321200861108",20
"331300010000",24
"331300010003",0
"331300010008",13
"331300010009",15
"331300010011",24
"331300010020",3
"331300010044",0
"331300010046",24
"331300010054",8
"331300010056",18
"331300010067",29
"331300010093",11
"331300010113",45
"331300010133",0
"331300010256",0
"331300010265",47
"331300010266",50
"331300010270",7
"331300010282",18
"331300010287",53
"331300010301",73
"331300010305",46
"331300010307",5
"331300010313",48
"331300010351",54
"331300010691",33
"331300011350",81
"331300011412",32
"331300011419",29
"331300011430",12
"331300011439",26
"331300011483",26
"331300011492",8
"331300011499",56
"331300011527",67
"331300011553",19
"331300011595",36
"331300011605",56
"331300011616",7
"331300011670",42
"331300011674",12
"331300860810",60
"331300860893",41
"331300860901",75
"331300860902",85
"331300860937",93
"331300861006",82
"331300861039",64
"331300861056",82
"331300861063",0
"331300861066",0
"331300861077",63
"331300861079",63
"331300861110",0
"331400010000",21
"331400010016",20
"331400010017",7
"331400010018",44
"331400010023",0
"331400010031",3
"331400010034",3
"331400010050",37
"331400010059",8
"331400010084",13
"331400010110",3
"331400010120",19
"331400010126",17
"331400010132",5
"331400010147",7
"331400010157",9
"331400010196",29
"331400010250",6
"331400010257",12
"331400010297",6
"331400010318",43
"331400010319",10
"331400010380",10
"331400010414",0
"331400010577",52
"331400010582",33
"331400011071",42
"331400011449",11
"331400011454",63
"331400011474",50
"331400011477",25
"331400011478",8
"331400011488",27
"331400011558",17
"331400011561",19
"331400011586",39
"331400011610",33
"331400011614",47
"331400011685",8
"331400860809",0
"331400860865",47
"331400860885",70
"331400860945",51
"331400861007",77
"331400861021",48
"331400861022",75
"331400861024",55
"331500010000",15
"331500010001",1
"331500010010",2
"331500010015",0
"331500010024",11
"331500010029",2
"331500010032",2
"331500010038",13
"331500010039",0
"331500010051",25
"331500010058",2
"331500010088",31
"331500010094",2
"331500010107",0
"331500010118",6
"331500010124",0
"331500010130",17
"331500010131",7
"331500010136",26
"331500010146",0
"331500010154",0
"331500010169",4
"331500010172",2
"331500010230",3
"331500010261",9
"331500010295",6
"331500010321",3
"331500010442",31
"331500010443",58
"331500010447",44
"331500010448",35
"331500010516",6
"331500010676",50
"331500010821",32
"331500010839",57
"331500010896",0
"331500011423",42
"331500011429",14
"331500011462",10
"331500011463",63
"331500011464",22
"331500011497",43
"331500011519",18
"331500011529",31
"331500011592",13
"331500011656",29
"331500011667",31
"331500011684",12
"331500011698",43
"331500860878",42
"331500860927",84
"331500860935",68
"331500860953",79
"331500861011",74
"331500861016",80
"331500861023",65
"331600010000",32
"331600010005",10
"331600010021",3
"331600010025",14
"331600010026",21
"331600010028",7
"331600010035",20
"331600010040",4
"331600010057",77
"331600010081",18
"331600010243",14
"331600010262",27
"331600010267",82
"331600010308",44
"331600010309",5
"331600010335",30
"331600010627",18
"331600010628",16
"331600010681",59
"331600010898",80
"331600011455",46
"331600011498",49
"331600011594",59
"331600011669",65
"331600011688",82
"331600011765",44
"331600860847",31
"331600860860",69
"331600860918",69
"331600860924",71
"331600860938",67
"331600860971",61
"331600860975",90
"331600861003",84
"331600861095",0
"331600861112",87
"331700010000",30
"331700010002",52
"331700010006",0
"331700010012",44
"331700010061",33
"331700010091",11
"331700010092",6
"331700010138",40
"331700010161",14
"331700010181",16
"331700010189",22
"331700010191",67
"331700010221",0
"331700010241",21
"331700010246",45
"331700010249",8
"331700010289",29
"331700010316",10
"331700010340",6
"331700010352",31
"331700010353",43
"331700010354",30
"331700010375",33
"331700010394",23
"331700010397",53
"331700010398",32
"331700010399",32
"331700010484",60
"331700010532",7
"331700010705",12
"331700010722",38
"331700010770",36
"331700011122",30
"331700011382",73
"331700011408",20
"331700011524",77
"331700011528",23
"331700011531",8
"331700011537",28
"331700011539",37
"331700011543",39
"331700011546",66
"331700011547",24
"331700011548",64
"331700011568",0
"331700011590",42
"331700011600",34
"331700011745",28
"331700011751",22
"331700860841",77
"331700860879",83
"331700860882",75
"331700860950",76
"331700861027",73
"331700861040",84
"331700861041",80
"331700861086",0
"331700861094",94
"331800010000",25
"331800010066",30
"331800010068",8
"331800010114",3
"331800010115",0
"331800010135",17
"331800010208",0
"331800010211",18
"331800010219",9
"331800010233",3
"331800010235",22
"331800010244",2
"331800010268",14
"331800010272",2
"331800010276",32
"331800010279",10
"331800010285",33
"331800010366",7
"331800010581",67
"331800010588",59
"331800010763",36
"331800011563",52
"331800011566",48
"331800011567",33
"331800011569",70
"331800011576",66
"331800011578",63
"331800011617",68
"331800011629",30
"331800011633",43
"331800011635",28
"331800011637",23
"331800011642",21
"331800011673",57
"331800860702",64
"331800860908",73
"331800860916",81
"331800860943",58
"331800860988",63
"331800861033",88
"331800861057",58
"331900010000",26
"331900010007",0
"331900010013",20
"331900010065",18
"331900010089",10
"331900010108",1
"331900010149",2
"331900010158",0
"331900010159",7
"331900010171",28
"331900010190",20
"331900010202",10
"331900010213",6
"331900010214",6
"331900010218",63
"331900010224",46
"331900010273",59
"331900010290",7
"331900010292",37
"331900010306",17
"331900010325",6
"331900010328",21
"331900010345",0
"331900010346",6
"331900010364",57
"331900010452",43
"331900010557",3
"331900010654",67
"331900010661",58
"331900010662",32
"331900010663",42
"331900010677",7
"331900010678",41
"331900010760",38
"331900010907",50
"331900011404",63
"331900011409",13
"331900011422",37
"331900011502",65
"331900011504",46
"331900011507",28
"331900011510",50
"331900011583",72
"331900011615",54
"331900011618",22
"331900011639",30
"331900011659",10
"331900011660",34
"331900011683",16
"331900011764",67
"331900860880",60
"331900860891",27
"331900860933",93
"331900860958",36
"331900860972",79
"331900860973",65
"331900860993",75
"331900861065",86
"331900861072",0
"331900861131",85
"332000010000",11
"332000010030",16
"332000010048",2
"332000010062",19
"332000010069",0
"332000010102",1
"332000010104",15
"332000010105",0
"332000010112",0
"332000010127",5
"332000010160",11
"332000010163",2
"332000010164",2
"332000010170",3
"332000010176",0
"332000010179",0
"332000010180",19
"332000010185",21
"332000010186",4
"332000010187",30
"332000010192",6
"332000010200",2
"332000010201",29
"332000010204",0
"332000010205",3
"332000010220",23
"332000010223",15
"332000010227",18
"332000010229",0
"332000010247",0
"332000010259",31
"332000010264",0
"332000010310",9
"332000010503",6
"332000010506",0
"332000010682",10
"332000010686",11
"332000010748",3
"332000010971",3
"332000011445",17
"332000011485",9
"332000011490",28
"332000011505",8
"332000011609",30
"332100010000",20
"332100010090",16
"332100010095",18
"332100010096",32
"332100010097",2
"332100010098",31
"332100010099",9
"332100010100",17
"332100010101",0
"332100010121",4
"332100010128",3
"332100010153",24
"332100010177",7
"332100010188",7
"332100010199",2
"332100010209",41
"332100010212",2
"332100010215",22
"332100010216",10
"332100010225",4
"332100010226",5
"332100010228",27
"332100010238",18
"332100010239",31
"332100010253",3
"332100010281",40
"332100010288",46
"332100010303",19
"332100010329",29
"332100011337",32
"332100011344",26
"332100011348",38
"332100011410",37
"332100011468",21
"332100011525",24
"332100011540",9
"332100011559",65
"332100011572",11
"332100011620",32
"332100011690",25
"332100011728",40
"332100860949",80
"332100861075",81
"332100861123",60
"332200010000",12
"332200010014",25
"332200010052",2
"332200010078",11
"332200010109",37
"332200010119",0
"332200010134",0
"332200010139",2
"332200010152",0
"332200010193",7
"332200010194",2
"332200010195",0
"332200010197",0
"332200010198",35
"332200010203",0
"332200010206",29
"332200010207",5
"332200010217",1
"332200010222",7
"332200010234",20
"332200010236",3
"332200010240",24
"332200010245",5
"332200010251",3
"332200010254",2
"332200010255",0
"332200010277",9
"332200010278",21
"332200010312",0
"332200010315",0
"332200010326",0
"332200010361",2
"332200010381",5
"332200010889",0
"332200010890",42
"332200011405",21
"332200011425",11
"332200011535",19
"332200011555",6
"332200011611",46
"332200011630",40
"332200860955",71
"332200860978",33
"332200861050",87
"332200861051",77
"332200861053",51
"332200861076",81
"332300010000",30
"332300010041",26
"332300010137",34
"332300010150",21
"332300010155",18
"332300010156",25
"332300010165",8
"332300010178",24
"332300010184",20
"332300010284",4
"332300010298",43
"332300010323",31
"332300010327",7
"332300010363",67
"332300010392",50
"332300010401",27
"332300010446",0
"332300010514",77
"332300010518",57
"332300010522",55
"332300010599",22
"332300010664",58
"332300010668",9
"332300010671",33
"332300011493",24
"332300011643",77
"332300011644",55
"332300011646",0
"332300011647",57
"332300011697",28
"332300860912",78
"332300860936",72
"332300860939",93
"332300860941",65
"332300860942",62
"332300860954",84
"332300861007",83
"332300861127",100
"333200010000",24
"333200010045",33
"333200010075",0
"333200010086",0
"333200010106",3
"333200010116",4
"333200010123",4
"333200010145",8
"333200010151",0
"333200010162",39
"333200010274",0
"333200010291",32
"333200010299",5
"333200010347",42
"333200010349",30
"333200010376",12
"333200010377",9
"333200010383",34
"333200010384",28
"333200010562",80
"333200010564",40
"333200011168",50
"333200011403",29
"333200011545",39
"333200011549",19
"333200011552",5
"333200011554",52
"333200011556",59
"333200860906",68
"333200860987",83
"333200861045",61
"333200861059",89
"333200861096",67
"342400010000",13
"342400010005",30
"342400010007",1
"342400010012",1
"342400010013",38
"342400010014",2
"342400010016",1
"342400010019",1
"342400010028",5
"342400010049",4
"342400010058",0
"342400010061",49
"342400010068",0
"342400010071",6
"342400010073",27
"342400010077",11
"342400010081",0
"342400010087",8
"342400010088",2
"342400010089",0
"342400010091",0
"342400010093",19
"342400010102",8
"342400010110",2
"342400010113",29
"342400010119",14
"342400010125",23
"342400010128",8
"342400010143",7
"342400010153",3
"342400010199",2
"342400010211",0
"342400010229",1
"342400010239",15
"342400010290",0
"342400010305",2
"342400010307",22
"342400010311",35
"342400010330",2
"342400010343",0
"342400011236",64
"342400011264",16
"342400011267",22
"342400011293",21
"342400011296",16
"342400011299",10
"342400011455",27
"342400011485",30
"342400011520",0
"342400011530",0
"342400011550",14
"342400011560",20
"342400011585",38
"342400011600",10
"342400011610",6
"342400011744",21
"342400861025",42
"342400861048",78
"342400861113",0
"342500010000",12
"342500010020",4
"342500010021",1
"342500010022",0
"342500010024",3
"342500010025",16
"342500010029",4
"342500010032",2
"342500010079",0
"342500010107",4
"342500010120",0
"342500010129",0
"342500010130",6
"342500010154",0
"342500010163",0
"342500010164",19
"342500010165",0
"342500010169",13
"342500010184",0
"342500010185",19
"342500010189",35
"342500010193",0
"342500010194",20
"342500010200",12
"342500010201",0
"342500010209",3
"342500010214",6
"342500010219",5
"342500010237",30
"342500010242",3
"342500010244",3
"342500010250",13
"342500010294",30
"342500010379",33
"342500011240",19
"342500011241",13
"342500011252",59
"342500011263",13
"342500011281",36
"342500011285",54
"342500011425",13
"342500011460",16
"342500011499",24
"342500011525",12
"342500011540",50
"342500011670",17
"342500011792",15
"342500861133",71
"342600010000",12
"342600010018",0
"342600010026",0
"342600010031",3
"342600010041",0
"342600010046",2
"342600010067",28
"342600010074",20
"342600010094",4
"342600010098",0
"342600010115",2
"342600010133",0
"342600010158",26
"342600010159",2
"342600010162",0
"342600010172",27
"342600010173",3
"342600010178",8
"342600010186",2
"342600010188",0
"342600010191",0
"342600010203",0
"342600010205",9
"342600010213",7
"342600010216",41
"342600010221",0
"342600010266",8
"342600010376",0
"342600011315",45
"342600011415",26
"342600011430",10
"342600011435",12
"342600011495",10
"342600011566",10
"342700010000",18
"342700010042",10
"342700010043",9
"342700010045",32
"342700010047",15
"342700010051",0
"342700010053",29
"342700010056",5
"342700010060",4
"342700010062",0
"342700010063",4
"342700010064",0
"342700010065",0
"342700010066",0
"342700010090",24
"342700010096",11
"342700010097",27
"342700010100",6
"342700010104",19
"342700010105",3
"342700010106",10
"342700010108",0
"342700010114",4
"342700010123",20
"342700010124",4
"342700010137",25
"342700010146",27
"342700010155",0
"342700010183",2
"342700010197",12
"342700010202",37
"342700010207",16
"342700010210",12
"342700010223",17
"342700010226",56
"342700010232",5
"342700010253",0
"342700010254",0
"342700010273",37
"342700010282",24
"342700010297",53
"342700010306",3
"342700010314",30
"342700010316",3
"342700010317",16
"342700010318",45
"342700010319",76
"342700010323",15
"342700010333",33
"342700010362",6
"342700010377",14
"342700011260",47
"342700011261",26
"342700011262",10
"342700011302",50
"342700011308",18
"342700011309",17
"342700011324",19
"342700011334",67
"342700011351",57
"342700011400",56
"342700011475",40
"342700011480",10
"342700011650",42
"342700860869",48
"342700860990",0
"342700861052",75
"342700861054",53
"342700861090",89
"342700861099",82
"342700861118",0
"342800010000",17
"342800010008",17
"342800010040",3
"342800010048",8
"342800010050",0
"342800010054",0
"342800010055",0
"342800010072",57
"342800010080",18
"342800010082",0
"342800010086",2
"342800010099",2
"342800010101",0
"342800010117",3
"342800010121",3
"342800010139",0
"342800010140",0
"342800010144",0
"342800010157",15
"342800010160",16
"342800010161",2
"342800010174",0
"342800010175",15
"342800010182",25
"342800010190",28
"342800010196",2
"342800010206",26
"342800010217",30
"342800010220",2
"342800010287",53
"342800010303",0
"342800010312",0
"342800010332",70
"342800010349",3
"342800010354",2
"342800010358",35
"342800011167",38
"342800011284",46
"342800011310",19
"342800011325",59
"342800011328",33
"342800011338",58
"342800011350",7
"342800011440",12
"342800011505",10
"342800011620",42
"342800011680",51
"342800011686",32
"342800011687",19
"342800011690",26
"342800011896",39
"342800860824",36
"342800860969",35
"342900010000",21
"342900010015",20
"342900010033",17
"342900010034",30
"342900010035",15
"342900010036",7
"342900010037",21
"342900010038",0
"342900010052",27
"342900010059",38
"342900010095",0
"342900010109",27
"342900010116",26
"342900010118",30
"342900010131",0
"342900010132",21
"342900010134",3
"342900010135",0
"342900010136",5
"342900010138",12
"342900010147",24
"342900010156",21
"342900010176",17
"342900010181",6
"342900010192",44
"342900010195",0
"342900010208",33
"342900010238",23
"342900010251",0
"342900010268",13
"342900010270",36
"342900010289",50
"342900010295",33
"342900010355",38
"342900010356",40
"342900010360",23
"342900011243",6
"342900011248",30
"342900011259",50
"342900011265",18
"342900011272",26
"342900011283",25
"342900011313",32
"342900011326",39
"342900011327",53
"342900011492",8
"342900011498",33
"342900860821",0
"342900860974",33
"342900861077",77
"342900861078",74
"343000010000",17
"343000010002",0
"343000010010",20
"343000010011",0
"343000010017",2
"343000010069",0
"343000010070",0
"343000010076",25
"343000010078",4
"343000010084",18
"343000010085",0
"343000010092",9
"343000010111",23
"343000010112",0
"343000010122",1
"343000010126",19
"343000010127",22
"343000010141",22
"343000010145",27
"343000010148",3
"343000010149",4
"343000010150",3
"343000010151",6
"343000010152",4
"343000010166",0
"343000010171",0
"343000010204",68
"343000010212",0
"343000010222",16
"343000010228",0
"343000010230",19
"343000010234",3
"343000010235",20
"343000010280",12
"343000010291",76
"343000010300",17
"343000010329",6
"343000010361",26
"343000010384",20
"343000011227",9
"343000011258",14
"343000011286",78
"343000011301",47
"343000011445",20
"343000011450",41
"343000011501",39
"343000011502",20
"343000011555",11
"343000011575",19
"343000011580",33
"343000860822",45
"343000860836",0
"343000860932",43
"343000860952",0
"343000860998",21
"353100010000",15
"353100010001",0
"353100010002",19
"353100010003",0
"353100010004",0
"353100010005",0
"353100010006",0
"353100010007",20
"353100010008",0
"353100010009",0
"353100010010",0
"353100010011",8
"353100010013",0
"353100010016",3
"353100010018",2
"353100010019",0
"353100010020",9
"353100010021",3
"353100010022",1
"353100010023",21
"353100010024",24
"353100010026",0
"353100010027",19
"353100010028",45
"353100010029",0
"353100010030",29
"353100010031",3
"353100010032",21
"353100010034",37
"353100010035",11
"353100010036",33
"353100010038",3
"353100010039",5
"353100010041",2
"353100010042",1
"353100010044",0
"353100010045",3
"353100010046",0
"353100010048",13
"353100010049",39
"353100010050",0
"353100010051",32
"353100010052",0
"353100010053",0
"353100010054",5
"353100010055",0
"353100010056",2
"353100010057",8
"353100010058",0
"353100010059",9
"353100010060",3
"353100010061",22
"353100010062",5
"353100010063",37
"353100010065",0
"353100010068",0
"353100010069",8
"353100010072",48
"353100010074",23
"353100010075",35
"353100010078",2
"353100010861",14
"353100011047",11
"353100011064",9
"353100011080",58
"353100011440",31
"353100011445",9
"353100011450",18
"353100011455",25
"353100011460",15
"353100011470",43
"353100011600",31
"353100011605",5
"353100860959",43
"353100860984",69
"353100861083",73
"353100861136",63
"400301060000",1
"400301060002",0
"400301060003",3
"400301060005",0
"400301060006",0
"400400010000",1
"400400010001",0
"400400010002",3
"400400010005",0
"400400010007",0
"400400010009",0
"400400010010",0
"400400010011",1
"400601060000",0
"400601060001",0
"400601060002",0
"400601060006",0
"400601060008",0
"400701060000",1
"400701060002",0
"400701060003",13
"400701060004",0
"400701060005",0
"400701060009",0
"400701060010",0
"400701860890",0
"400800010000",0
"400800010010",0
"400800010012",0
"400800010015",0
"400800010020",0
"400800010021",0
"400800010022",0
"400800010031",0
"400800010034",0
"400800010040",0
"400800010041",0
"400800010042",0
"400900010000",4
"400900010003",0
"400900010007",8
"400900010008",5
"400900010009",0
"400900010011",5
"400900010012",0
"401001060000",1
"401001060001",0
"401001060002",0
"401001060003",2
"401001060004",2
"401201060000",2
"401201060001",0
"401201060003",8
"401201060004",0
"401301040000",0
"401301040002",0
"401301040003",0
"401501060000",1
"401501060002",0
"401501060003",2
"410401060000",3
"410401060001",9
"410401060002",0
"410401060003",0
"410401060004",0
"410401060005",0
"410601040000",1
"410601040002",0
"410601040006",0
"410601040007",2
"410601040010",2
"411101060000",3
"411101060001",2
"411101060004",10
"411101060005",0
"411501060000",1
"411501060001",0
"411501060003",0
"411501060004",0
"411501060005",0
"411501060006",4
"411504020000",4
"411504020001",4
"411504020003",0
"411603040000",2
"411603040001",0
"411603040003",10
"411603040004",0
"411701040000",6
"411701040001",11
"411701040002",4
"411800010000",1
"411800010001",0
"411800010008",0
"411800010010",4
"411800010011",0
"411800010013",0
"411800010014",0
"411800010015",0
"411800010020",3
"411800010023",0
"411800010025",0
"411902040000",4
"411902040001",3
"411902040003",6
"412000050000",2
"412000050001",0
"412000050004",3
"412000050005",0
"412000050006",4
"412000050007",5
"412201060000",2
"412201060001",4
"412201060003",5
"412201060005",0
"412201060006",0
"412300010000",4
"412300010003",0
"412300010005",2
"412300010006",2
"412300010009",0
"412300010011",4
"412300010012",3
"412300010014",0
"412300010016",3
"412300010018",5
"412300010022",4
"412300010023",6
"412300010024",6
"412300010026",3
"412300861058",52
"412801040000",3
"412801040002",0
"412801040003",3
"412801040004",5
"412901040000",4
"412901040002",0
"412901040003",10
"412902060000",0
"412902060002",0
"412902060003",0
"412902060005",0
"412902060006",0
"412902060007",0
"412902060008",0
"412902060009",0
"420101060000",1
"420101060001",0
"420101060003",0
"420101060005",0
"420101060006",0
"420101060008",4
"420101060009",1
"420101060011",6
"420303060000",0
"420303060001",0
"420303060002",0
"420303060003",0
"420303060004",0
"420303060007",0
"420303060008",0
"420303060009",0
"420303060010",0
"420303060011",0
"420303060014",0
"420303060015",0
"420401060000",0
"420401060001",0
"420401060002",0
"420401060003",0
"420401060004",0
"420401060005",0
"420401060009",0
"420401060010",2
"420411060000",2
"420411060002",0
"420411060003",0
"420411060004",0
"420411060005",4
"420411060006",1
"420501060000",7
"420501060001",7
"420501060003",3
"420501060004",10
"420601040000",1
"420601040001",0
"420601040003",2
"420701060000",0
"420701060001",0
"420701060002",0
"420701060003",0
"420701060004",0
"420702030000",0
"420702030001",0
"420702030004",0
"420702030007",0
"420807040000",5
"420807040002",14
"420807040003",3
"420807040004",0
"420901060000",0
"420901060002",0
"420901060003",0
"420901060004",0
"420901060005",0
"420901060006",0
"420901060007",1
"420901060008",0
"420901060009",0
"421001060000",1
"421001060001",0
"421001060002",1
"421001060005",0
"421001060006",2
"421001060007",0
"421001060008",0
"421101060000",0
"421101060001",0
"421101060003",0
"421101060004",0
"421201040000",1
"421201040001",0
"421201040002",0
"421201040003",3
"421501060000",0
"421501060001",0
"421501060002",0
"421501060004",0
"421501060005",0
"421501060009",0
"421501060010",0
"421501060011",0
"421501060012",0
"421501060013",0
"421501060014",0
"421501060015",0
"421501060016",0
"421501060019",0
"421504020000",18
"421504020001",18
"421601060000",0
"421601060002",0
"421601060003",0
"421601060004",0
"421601060005",0
"421800010000",11
"421800010003",17
"421800010004",3
"421800010006",10
"421800010008",5
"421800010010",10
"421800010011",3
"421800010012",10
"421800010013",5
"421800010015",3
"421800010018",22
"421800010020",44
"421800010021",4
"421800010022",17
"421800010027",9
"421800010028",11
"421800010031",8
"421800010033",9
"421800010035",15
"421800010039",2
"421800010040",10
"421800010041",0
"421800010042",2
"421800010043",7
"421800010047",7
"421800010048",23
"421800010052",4
"421800010058",0
"421800010060",32
"421800010070",0
"421800010071",20
"421800010072",18
"421800860845",38
"421800860854",23
"421800861124",20
"421800861125",0
"421902040000",4
"421902040001",6
"421902040002",3
"430300050000",0
"430300050001",0
"430300050002",0
"430300050004",0
"430501040000",5
"430501040001",7
"430501040002",33
"430501040004",0
"430700010000",6
"430700010001",8
"430700010002",5
"430700010005",8
"430700010006",3
"430901060000",3
"430901060001",6
"430901060002",0
"430901060003",9
"430901060007",0
"431101040000",1
"431101040001",0
"431101040002",0
"431101040003",9
"431201040000",1
"431201040002",0
"431201040003",0
"431301060000",1
"431301060001",0
"431301060002",0
"431301060003",0
"431301060004",2
"431401040000",3
"431401040001",0
"431401040002",6
"431701060000",1
"431701060001",0
"431701060002",0
"431701060003",4
"431701060004",0
"431701060005",0
"440102060000",2
"440102060001",0
"440102060002",2
"440102060003",2
"440102060004",3
"440102060005",0
"440201020000",4
"440201020001",6
"440201020002",0
"440301060000",2
"440301060001",0
"440301060002",0
"440301060003",1
"440301060004",0
"440301060005",4
"440401060000",4
"440401060001",0
"440401060004",7
"440401060005",5
"440401060006",7
"440401060007",2
"440401060008",0
"440401060009",2
"440601040000",4
"440601040001",1
"440601040003",0
"440601040004",11
"440601040005",4
"440901040000",2
"440901040001",0
"440901040003",4
"440901040004",0
"441000010000",3
"441000010006",0
"441000010009",3
"441000010010",8
"441000010014",5
"441000010015",1
"441000010018",1
"441101040000",0
"441101040001",0
"441101040002",0
"441101040003",0
"441101040004",0
"441101040005",0
"441201060000",2
"441201060001",0
"441201060002",0
"441201060003",3
"441201060005",2
"441201060006",4
"441201060009",2
"441201060011",0
"441202020000",0
"441202020001",0
"441301060000",0
"441301060001",0
"441301060002",0
"441301060003",0
"441301060004",0
"441301060006",0
"441301060007",0
"441600010000",3
"441600010001",0
"441600010003",4
"441600010004",2
"441600010005",2
"441600010006",0
"441600010009",2
"441600010010",0
"441600010012",0
"441600010016",6
"441600010017",4
"441600010020",8
"441600010021",2
"441800050000",0
"441800050001",0
"441800050002",0
"441800050005",3
"441800050006",0
"441903020000",3
"441903020001",10
"441903020002",0
"442101060000",1
"442101060002",0
"442101060003",5
"442101060004",0
"442101060007",0
"442111020000",2
"442111020001",3
"442111020002",0
"442115020000",3
"442115020001",5
"442115020002",0
"450101060000",3
"450101060002",3
"450101060003",0
"450101060005",6
"450607040000",3
"450607040002",0
"450607040003",0
"450704040000",3
"450704040001",4
"450704040005",2
"450801060000",1
"450801060002",3
"450801060003",0
"450801060004",0
"451001040000",0
"451001040001",0
"451001040002",0
"460102040000",1
"460102040006",3
"460102040007",0
"460500010000",2
"460500010001",0
"460500010005",6
"460500010006",0
"460500010007",0
"460500010008",0
"460500010011",4
"460701040000",0
"460701040001",0
"460701040002",0
"460701040003",0
"460801060000",1
"460801060001",0
"460801060002",0
"460801060005",0
"460801060006",3
"460801060007",0
"460801060008",4
"460901060000",1
"460901060001",0
"460901060002",0
"460901060003",4
"460901060004",0
"460901060005",0
"461300010000",4
"461300010002",3
"461300010003",0
"461300010004",0
"461300010005",3
"461300010006",0
"461300010007",2
"461300010008",8
"461801040000",6
"461801040001",10
"461801040003",0
"461801040004",10
"461901040000",0
"461901040001",0
"461901040002",0
"461901040003",0
"462001060000",2
"462001060001",0
"462001060004",4
"462001060006",2
"470202040000",0
"470202040002",0
"470202040003",0
"470501040000",16
"470501040001",14
"470801040000",0
"470801040001",0
"470901040000",3
"470901040001",3
"471101040000",16
"471101040001",17
"471201040000",11
"471201040001",11
"471400010000",0
"471400010002",0
"471400010003",0
"471400010004",0
"471400010007",0
"471400010008",0
"471601040000",4
"471601040004",0
"471601040005",0
"471601040006",15
"471701040000",4
"471701040001",0
"471701040003",8
"472001040000",12
"472001040001",0
"472001040002",21
"472202040000",0
"472202040001",0
"472506040000",3
"472506040001",3
"480101060000",1
"480101060001",1
"480101060002",0
"480101060004",1
"480101060005",0
"480101060006",0
"480101060008",0
"480102060000",2
"480102060001",0
"480102060002",0
"480102060003",0
"480102060005",1
"480102060007",6
"480401040000",5
"480401040001",3
"480401040002",0
"480401040003",25
"480404020000",8
"480404020001",9
"480503040000",4
"480503040001",5
"480503040002",7
"480503040003",0
"480601060000",1
"480601060002",2
"480601060003",1
"480601060004",0
"480601060005",0
"490101040000",4
"490101040001",0
"490101040006",7
"490202040000",1
"490202040002",2
"490202040003",0
"490301060000",2
"490301060001",0
"490301060002",0
"490301060003",0
"490301060005",0
"490301060006",0
"490301060007",3
"490301060008",3
"490501060000",2
"490501060002",0
"490501060003",2
"490601060000",2
"490601060002",4
"490601060003",3
"490601060008",2
"490601060009",0
"490801080000",0
"490801080001",0
"490804020000",6
"490804020002",3
"491200010000",5
"491200010006",4
"491200010007",8
"491302060000",0
"491302060001",0
"491302060002",0
"491302060004",0
"491302060005",0
"491302060006",2
"491401040000",1
"491401040001",0
"491401040002",2
"491501040000",1
"491501040002",2
"491501040003",0
"491700010000",0
"491700010002",0
"491700010014",0
"491700010016",0
"491700010018",0
"491700010019",0
"491700010020",0
"491700010021",0
"491700860931",74
"500101060000",3
"500101060001",6
"500101060002",0
"500101060006",0
"500101060007",0
"500101060008",0
"500101060010",0
"500101060011",6
"500101060014",0
"500101060015",0
"500101060016",0
"500101060019",6
"500101060020",12
"500101060022",6
"500101060023",2
"500101060024",0
"500108030000",2
"500108030001",0
"500108030002",0
"500108030003",0
"500108030004",4
"500108030005",0
"500201060000",1
"500201060001",0
"500201060004",0
"500201060008",0
"500201060009",1
"500201060010",0
"500201060011",0
"500201060012",0
"500201060013",1
"500301060000",1
"500301060006",0
"500301060007",0
"500301060008",3
"500301060009",2
"500304030000",4
"500304030002",5
"500304030004",0
"500304030005",0
"500304030006",7
"500304030007",5
"500308030000",0
"500308030003",0
"500308030008",0
"500308030009",0
"500308030010",0
"500308030011",0
"500401060000",2
"500401060001",0
"500401060002",0
"500401060004",0
"500401060009",0
"500401060010",0
"500401060011",8
"500401060012",0
"500402060000",6
"500402060001",9
"500402060002",6
"500402060003",2
"500402060004",3
"500402060005",9
"500402060006",9
"500402060010",11
"500402060013",5
"500402060014",8
"500402060015",17
"500402060016",3
"500402060018",6
"500402060019",3
"500402060023",3
"510101040000",4
"510101040001",0
"510101040002",3
"510101040003",5
"510201060000",1
"510201060001",0
"510201060003",0
"510201060004",4
"510401040000",14
"510401040001",14
"510401040002",18
"510501040000",3
"510501040001",0
"511101060000",1
"511101060005",0
"511101060006",0
"511101060008",3
"511201040000",4
"511201040001",4
"511301040000",10
"511301040002",10
"511602040000",6
"511602040002",6
"511901040000",2
"511901040001",4
"511901040004",0
"512001060000",0
"512001060001",0
"512001060004",0
"512001060005",0
"512001060008",2
"512001060009",0
"512101040000",12
"512101040001",9
"512201040000",5
"512201040001",0
"512201040002",0
"512201040003",15
"512300010000",1
"512300010002",0
"512300010004",0
"512300010009",2
"512404040000",4
"512404040001",4
"512501040000",11
"512501040002",0
"512501040004",23
"512902060000",3
"512902060002",0
"512902060003",3
"512902060004",3
"513102040000",2
"513102040001",0
"513102040002",6
"520101060000",2
"520101060001",3
"520101060002",0
"520101060004",0
"520101060005",7
"520101060006",0
"520302060000",1
"520302060001",0
"520302060002",0
"520302060003",0
"520302060004",0
"520302060005",0
"520302060006",0
"520302060007",0
"520302060008",0
"520302060009",4
"520302060010",0
"520302060011",4
"520302060013",0
"520401040000",4
"520401040007",6
"520401040008",12
"520401040009",0
"520601080000",0
"520601080001",0
"520701040000",1
"520701040001",0
"520701040002",0
"521200050000",0
"521200050001",0
"521200050003",0
"521301060000",1
"521301060001",0
"521301060002",0
"521301060003",0
"521301060005",3
"521301060006",0
"521301060008",0
"521401040000",0
"521401040002",2
"521401040003",0
"521401040007",0
"521401040008",0
"521401040009",0
"521401040010",0
"521701040000",0
"521701040002",0
"521701040003",0
"521701040005",0
"521800010000",0
"521800010006",0
"521800010007",0
"521800010008",0
"521800010009",0
"521800010010",1
"521800010012",0
"521800010014",0
"521800010015",1
"522001040000",12
"522001040002",18
"522001040003",7
"522101030000",0
"522101030004",0
"522101030005",0
"530101040000",1
"530101040001",3
"530101040002",0
"530202060000",0
"530202060001",0
"530202060002",0
"530202060003",0
"530202060005",0
"530202060006",0
"530202060007",3
"530301060000",2
"530301060001",0
"530301060002",0
"530301060003",0
"530301060004",0
"530301060005",0
"530301060006",7
"530301060007",0
"530301060008",3
"530501060000",1
"530501060003",0
"530501060004",0
"530501060006",4
"530515060000",3
"530515060001",2
"530515060003",2
"530515060004",3
"530515060005",0
"530600010000",4
"530600010008",0
"530600010009",0
"530600010010",0
"530600010011",0
"530600010013",0
"530600010014",0
"530600010017",0
"530600010018",0
"530600010024",9
"530600010025",6
"530600010026",3
"530600010029",3
"530600010030",0
"530600010034",11
"530600010035",8
"540801040000",11
"540801040001",12
"540901040000",10
"540901040001",6
"541001040000",0
"541001040001",0
"541001040002",0
"541102060000",9
"541102060001",6
"541102060002",6
"541102060004",20
"541102060005",3
"541201040000",0
"541201040002",0
"541201040003",0
"541401040000",9
"541401040001",9
"550101040000",1
"550101040001",0
"550101040002",0
"550101040003",3
"550301060000",0
"550301060002",0
"550301060004",0
"560501040000",4
"560501040003",0
"560501040004",5
"560603040000",9
"560603040001",10
"560701060000",0
"560701060001",0
"560701060003",0
"560701060004",0
"560701060005",0
"561006060000",1
"561006060001",0
"561006060002",0
"561006060003",6
"561006060004",0
"570101040000",0
"570101040001",0
"570101040002",0
"570101040003",0
"570201040000",6
"570201040002",6
"570302060000",1
"570302060001",0
"570302060003",3
"570302060004",2
"570401040000",6
"570401040001",7
"570603040000",0
"570603040001",0
"570603040002",0
"571000010000",2
"571000010003",0
"571000010005",0
"571000010007",0
"571000010008",0
"571000010012",0
"571000010013",0
"571000010017",5
"571000010019",0
"571000010020",2
"571502060000",1
"571502060001",0
"571502060002",2
"571800010000",1
"571800010001",0
"571800010002",0
"571800010006",3
"571800010007",0
"571901040000",5
"571901040004",5
"572301040000",12
"572301040001",12
"572702040000",9
"572702040001",8
"572702040002",5
"572901040000",4
"572901040002",0
"572901040004",8
"573002040000",8
"573002040001",13
"573002040002",0
"573002040003",16
"573002040004",0
"580101030000",0
"580101030001",0
"580101030002",0
"580101030003",0
"580102030000",1
"580102030001",0
"580102030002",0
"580102030004",0
"580102030005",0
"580102030006",0
"580102030007",5
"580102030008",0
"580103030000",0
"580103030001",0
"580103030002",1
"580103030003",0
"580103030006",0
"580103030008",0
"580103030009",0
"580103030010",0
"580104030000",0
"580104030001",0
"580104030002",0
"580104030003",0
"580104030005",0
"580104030008",0
"580104030009",0
"580104030010",0
"580104030011",0
"580105030000",3
"580105030001",0
"580105030002",0
"580105030004",0
"580105030005",0
"580105030006",12
"580105030007",0
"580106030000",0
"580106030001",0
"580106030002",0
"580106030003",0
"580106030004",2
"580106030005",0
"580107030000",1
"580107030001",0
"580107030004",0
"580107030007",0
"580107030008",0
"580107030009",1
"580109020000",1
"580109020001",0
"580109020003",3
"580109020004",2
"580109020006",0
"580201060000",0
"580201060003",0
"580201060004",0
"580201060005",1
"580201060006",0
"580201060007",0
"580201060008",0
"580201060009",0
"580201060010",0
"580203020000",1
"580203020001",0
"580203020002",0
"580203020004",3
"580203020005",0
"580203020007",0
"580203020008",0
"580205060000",1
"580205060002",0
"580205060003",0
"580205060004",0
"580205060005",0
"580205060006",0
"580205060007",4
"580205060011",0
"580205060012",0
"580205060013",0
"580205060014",0
"580205060015",0
"580205060018",0
"580205060019",1
"580205060020",4
"580205060022",4
"580206020000",0
"580206020002",0
"580206020003",0
"580206020004",0
"580207020000",1
"580207020001",0
"580207020002",2
"580207020003",0
"580208020000",0
"580208020001",0
"580208020002",0
"580208020003",0
"580208020004",0
"580209020000",0
"580209020001",0
"580209020002",0
"580209020003",0
"580209020004",0
"580211060000",1
"580211060002",0
"580211060003",0
"580211060004",0
"580211060005",0
"580211060006",0
"580211060007",0
"580211060009",5
"580211060010",0
"580211060011",8
"580211060014",0
"580211060015",0
"580211060016",0
"580211060017",0
"580211060018",0
"580212060000",2
"580212060001",0
"580212060002",0
"580212060003",0
"580212060004",0
"580212060005",4
"580212060006",2
"580212060007",0
"580224030000",0
"580224030001",0
"580224030002",0
"580224030003",0
"580224030004",0
"580224030005",0
"580224030006",0
"580224030007",0
"580224030008",1
"580224030009",0
"580224030010",0
"580224030011",2
"580232030000",1
"580232030002",2
"580232030004",2
"580232030005",0
"580232030006",0
"580232030008",0
"580232030010",0
"580232030011",0
"580232030012",5
"580232030014",0
"580233020000",0
"580233020001",0
"580233020002",0
"580233020003",0
"580234020000",0
"580234020001",0
"580234020002",0
"580235060000",0
"580235060002",0
"580235060003",0
"580235060004",1
"580235060005",0
"580235060006",0
"580235060007",0
"580301020000",3
"580301020001",0
"580301020002",4
"580301020003",3
"580302080000",33
"580302080001",33
"580303020000",0
"580303020001",0
"580304020000",10
"580304020001",8
"580305020000",3
"580305020001",2
"580305020004",3
"580306020000",11
"580306020001",8
"580401020000",1
"580401020001",0
"580401020003",0
"580401020004",0
"580401020005",0
"580402060000",2
"580402060002",0
"580402060003",5
"580402060004",1
"580402060005",0
"580403030000",0
"580403030002",0
"580403030004",0
"580403030005",0
"580403030009",0
"580403030010",0
"580403030013",0
"580403030014",0
"580403030017",0
"580404030000",1
"580404030001",0
"580404030002",0
"580404030004",0
"580404030005",0
"580404030006",0
"580404030007",0
"580404030008",0
"580404030009",1
"580404030011",5
"580405060000",1
"580405060001",0
"580405060003",0
"580405060008",0
"580405060010",1
"580405060011",0
"580405060012",0
"580405060013",0
"580405060014",4
"580405060016",0
"580406060000",0
"580406060001",0
"580406060005",0
"580406060007",0
"580406060009",0
"580410030000",1
"580410030005",0
"580410030008",0
"580410030014",0
"580410030017",1
"580410030018",0
"580410030019",2
"580410030020",0
"580410030021",0
"580413030000",0
"580413030003",0
"580413030005",0
"580413030008",2
"580413030009",0
"580413030011",0
"580413030012",0
"580413030013",1
"580501030000",1
"580501030001",0
"580501030002",0
"580501030003",0
"580501030004",0
"580501030005",2
"580501030006",1
"580501030007",2
"580502020000",1
"580502020001",1
"580502020002",0
"580502020004",0
"580502020005",0
"580502020006",0
"580503030000",0
"580503030001",0
"580503030003",0
"580503030004",0
"580503030006",0
"580503030007",0
"580503030008",0
"580504030000",1
"580504030001",0
"580504030003",0
"580504030004",0
"580504030005",0
"580504030006",0
"580505020000",0
"580505020002",0
"580505020003",0
"580505020004",0
"580505020005",0
"580505020006",0
"580506030000",1
"580506030003",0
"580506030004",0
"580506030005",5
"580506030007",0
"580506030008",0
"580507060000",1
"580507060002",0
"580507060003",0
"580507060004",0
"580507060005",0
"580507060006",0
"580507060007",0
"580507060008",0
"580507060009",0
"580507060010",4
"580507060011",2
"580509030000",0
"580509030001",0
"580509030004",0
"580509030005",0
"580509030007",0
"580509030010",0
"580509030011",0
"580509030012",0
"580512030000",1
"580512030001",0
"580512030002",0
"580512030003",0
"580512030004",0
"580512030005",0
"580512030006",0
"580512030007",0
"580512030009",0
"580512030010",0
"580512030012",0
"580512030013",0
"580512030015",4
"580512030016",3
"580512030018",2
"580512030020",0
"580512030021",1
"580512030026",4
"580513030000",1
"580513030001",0
"580513030002",0
"580513030003",0
"580513030005",0
"580513030006",1
"580513030007",0
"580513030008",3
"580513030009",0
"580514020000",0
"580514020001",0
"580601040000",1
"580601040002",0
"580601040003",0
"580601040004",2
"580601040005",0
"580602040000",0
"580602040002",0
"580602040003",0
"580602040004",0
"580602040006",0
"580602040007",0
"580602040008",0
"580602040009",0
"580602860032",31
"580603020000",10
"580603020001",10
"580701020000",3
"580701020001",3
"580801060000",1
"580801060001",0
"580801060004",0
"580801060005",0
"580801060007",0
"580801060008",3
"580801060013",0
"580801060014",0
"580801060016",0
"580801060018",0
"580801060019",0
"580801060022",3
"580801060024",8
"580805060000",0
"580805060001",0
"580805060004",0
"580805060005",0
"580805060006",0
"580805060007",0
"580901020000",8
"580901020001",8
"580902020000",3
"580902020001",1
"580902020002",0
"580902020004",6
"580903020000",11
"580903020001",11
"580905020000",7
"580905020001",11
"580905020002",0
"580905020004",9
"580906030000",9
"580906030001",17
"580906030002",6
"580906030003",6
"580909020000",7
"580909020001",8
"580910080000",0
"580910080001",0
"580912060000",1
"580912060001",3
"580912060002",0
"580912060003",0
"580912060004",0
"580912060005",0
"580913080000",3
"580913080001",3
"580917020000",2
"580917020001",3
"581002020000",0
"581002020001",0
"581004020000",25
"581004020001",25
"581005020000",4
"581005020002",0
"581005020003",8
"581010020000",5
"581010020001",11
"581010020002",0
"581012020000",2
"581012020001",2
"581012020002",2
"581015080000",0
"581015080001",0
"590501060000",5
"590501060002",5
"590501060003",4
"590801040000",0
"590801040001",0
"590801040002",0
"590901060000",1
"590901060005",0
"590901060006",0
"590901060008",5
"591201040000",2
"591201040002",0
"591201040003",2
"591301040000",3
"591301040001",3
"591302040000",2
"591302040003",0
"591302040004",0
"591401060000",3
"591401060002",9
"591401060003",2
"591401060004",2
"591401060005",1
"591401060006",5
"591502040000",1
"591502040003",2
"591502040004",0
"600101060000",3
"600101060002",8
"600101060004",0
"600101060005",0
"600101060006",3
"600301040000",10
"600301040002",16
"600301040003",3
"600402040000",5
"600402040001",7
"600402040003",0
"600402040004",5
"600601060000",3
"600601060001",3
"600601060002",0
"600601060006",3
"600601060007",0
"600801040000",6
"600801040001",8
"600801040002",8
"600801040003",3
"600903040000",5
"600903040001",0
"600903040003",3
"600903040004",10
"610301060000",7
"610301060001",4
"610301060003",5
"610301060006",0
"610301060007",0
"610301060008",19
"610327020000",43
"610327020002",43
"610501040000",11
"610501040001",16
"610501040002",6
"610600010000",2
"610600010001",0
"610600010002",0
"610600010003",0
"610600010004",0
"610600010007",0
"610600010008",0
"610600010011",0
"610600010012",0
"610600010014",0
"610600010015",16
"610600010017",0
"610600010019",8
"610600860944",35
"610801040000",1
"610801040001",0
"610801040002",3
"610801040003",0
"610901040000",2
"610901040002",5
"610901040003",0
"610901040004",0
"611001040000",8
"611001040001",14
"611001040002",11
"611001040003",3
"620600010000",2
"620600010011",0
"620600010012",0
"620600010013",0
"620600010014",0
"620600010015",0
"620600010017",0
"620600010020",6
"620600010022",0
"620600010024",0
"620600010025",5
"620803040000",6
"620803040001",2
"620803040002",3
"620803040003",15
"620901060000",1
"620901060001",2
"620901060002",0
"620901060003",0
"620901060008",0
"620901060009",0
"621001060000",3
"621001060004",5
"621001060005",2
"621001060006",3
"621101060000",2
"621101060001",0
"621101060002",0
"621101060004",5
"621101060005",0
"621201060000",1
"621201060001",0
"621201060002",0
"621201060004",0
"621201060005",3
"621201060006",0
"621601060000",0
"621601060001",0
"621601060002",0
"621601060003",0
"621601060004",0
"621601060005",0
"621601060007",0
"621801060000",0
"621801060001",0
"621801060003",0
"621801060004",0
"621801060005",0
"621801060006",0
"622002060000",6
"622002060002",0
"622002060004",17
"622002060005",4
"630101040000",7
"630101040001",7
"630202040000",3
"630202040001",3
"630300010000",1
"630300010001",0
"630300010003",0
"630300010004",0
"630300010006",2
"630300010007",0
"630601040000",0
"630601040001",0
"630701040000",4
"630701040002",0
"630701040003",8
"630801040000",3
"630801040001",3
"630801040003",0
"630902030000",0
"630902030001",0
"630902030002",0
"630902030003",0
"630902030004",0
"630918080000",0
"630918080001",0
"631201040000",1
"631201040001",3
"631201040002",0
"640101040000",4
"640101040001",4
"640101040002",4
"640502040000",4
"640502040001",11
"640502040002",0
"640601020000",0
"640601020001",0
"640701040000",3
"640701040002",0
"640701040003",5
"640701040004",0
"640801040000",0
"640801040002",0
"640801040003",0
"641001040000",2
"641001040001",4
"641001040002",0
"641301060000",1
"641301060001",0
"641301060002",5
"641301060003",0
"641301060004",0
"641301060005",0
"641401040000",0
"641401040001",0
"641501040000",2
"641501040001",0
"641501040002",0
"641610040000",1
"641610040002",2
"641610040003",0
"641701060000",1
"641701060001",0
"641701060002",2
"650101060000",2
"650101060001",0
"650101060002",0
"650101060003",0
"650101060005",7
"650101060006",2
"650301040000",1
"650301040002",3
"650301040003",0
"650301040004",0
"650501040000",1
"650501040001",0
"650501040002",0
"650501040003",0
"650701040000",0
"650701040001",0
"650701040002",0
"650801060000",2
"650801060001",0
"650801060003",0
"650801060004",3
"650801060005",3
"650901060000",0
"650901060001",0
"650901060002",0
"650901060003",0
"650901060004",0
"650902040000",5
"650902040001",0
"650902040002",0
"650902040003",10
"651201060000",3
"651201060001",0
"651201060003",5
"651201060004",0
"651402040000",4
"651402040001",8
"651402040002",0
"651402040003",0
"651501060000",0
"651501060002",0
"651501060004",0
"651501060005",0
"651503040000",1
"651503040002",0
"651503040003",0
"651503040004",7
"660101030000",3
"660101030001",0
"660101030002",3
"660101030004",0
"660101030005",9
"660101030006",0
"660102060000",1
"660102060001",0
"660102060002",0
"660102060003",2
"660102060004",0
"660102060005",1
"660102060006",0
"660102060007",0
"660202030000",0
"660202030001",0
"660202030002",0
"660202030003",0
"660203060000",1
"660203060002",0
"660203060005",1
"660203060006",0
"660203060007",2
"660203060008",0
"660301030000",2
"660301030001",0
"660301030003",0
"660301030004",3
"660301030005",2
"660301030006",1
"660302030000",2
"660302030001",0
"660302030002",0
"660302030003",11
"660303030000",2
"660303030002",3
"660303030003",0
"660303030004",7
"660401030000",3
"660401030001",6
"660401030002",0
"660401030003",0
"660401030006",2
"660401030007",9
"660402020000",1
"660402020001",2
"660402020002",0
"660402020003",3
"660402020004",0
"660403030000",3
"660403030001",0
"660403030002",6
"660403030003",3
"660404030000",3
"660404030001",2
"660404030002",5
"660404030003",2
"660405030000",2
"660405030001",0
"660405030002",5
"660405030003",0
"660406030000",1
"660406030001",0
"660406030002",0
"660406030003",1
"660407060000",11
"660407060001",7
"660407060003",3
"660407060004",20
"660407060006",0
"660407060009",10
"660409020000",0
"660409020001",0
"660409020002",0
"660409020003",0
"660410020000",6
"660410020001",0
"660410020002",7
"660410020003",6
"660411020000",0
"660411020002",0
"660411020003",0
"660411020004",0
"660412020000",10
"660412020001",13
"660412020002",14
"660412020003",12
"660412020004",0
"660501060000",1
"660501060002",0
"660501060003",0
"660501060004",0
"660501060005",4
"660501060008",0
"660501060009",5
"660701030000",3
"660701030001",0
"660701030002",0
"660701030003",3
"660701030004",6
"660701030005",4
"660701030006",3
"660801060000",3
"660801060003",7
"660801060005",3
"660801060006",0
"660801060007",0
"660802040000",8
"660802040001",8
"660803020000",15
"660803020001",17
"660803020002",9
"660803020003",27
"660803020004",0
"660804020000",29
"660804020002",23
"660804020003",14
"660805030000",0
"660805030001",0
"660805030003",0
"660805030004",0
"660805030005",0
"660806020000",0
"660806020001",0
"660809030000",0
"660809030002",0
"660809030003",0
"660809030004",0
"660900010000",1
"660900010001",5
"660900010002",0
"660900010004",0
"660900010005",0
"660900010006",0
"660900010007",0
"660900010008",4
"660900010009",0
"660900010010",3
"660900010011",0
"660900010013",1
"660900010014",0
"660900010023",3
"660900010025",0
"660900010026",0
"660900010027",0
"660900861000",55
"661004060000",3
"661004060001",0
"661004060002",0
"661004060003",7
"661004060004",3
"661004060005",0
"661004060006",4
"661100010000",6
"661100010001",0
"661100010002",0
"661100010003",2
"661100010004",2
"661100010008",0
"661100010009",1
"661100010011",3
"661100010013",15
"661100010014",9
"661100010016",8
"661201060000",0
"661201060002",0
"661201060005",0
"661201060006",0
"661201060007",0
"661301040000",3
"661301040002",0
"661301040003",6
"661401030000",1
"661401030001",0
"661401030002",0
"661401030003",0
"661401030005",4
"661401030006",3
"661401030007",0
"661402020000",1
"661402020001",0
"661402020002",2
"661402020004",4
"661500010000",2
"661500010001",0
"661500010002",0
"661500010003",0
"661500010004",0
"661500010009",3
"661500010010",4
"661601030000",0
"661601030001",0
"661601030002",0
"661601030003",0
"661601030004",0
"661601030005",0
"661601030006",0
"661800010000",1
"661800010001",0
"661800010002",3
"661800010003",0
"661800010004",0
"661800010005",2
"661901030000",4
"661901030001",4
"661901030002",0
"661901030004",5
"661901030005",5
"661904030000",0
"661904030003",0
"661904030004",0
"661904030005",0
"661904030006",0
"661904030008",0
"661904030010",0
"661905020000",4
"661905020001",2
"661905020002",6
"661905020003",7
"662001030000",2
"662001030001",0
"662001030002",0
"662001030003",0
"662001030004",0
"662001030005",0
"662001030010",0
"662001030011",10
"662101060000",4
"662101060001",3
"662101060002",2
"662101060003",0
"662101060004",11
"662200010000",1
"662200010001",0
"662200010002",3
"662200010003",0
"662200010005",0
"662200010006",0
"662200010011",2
"662200010012",1
"662300010000",4
"662300010001",5
"662300010002",0
"662300010004",0
"662300010005",0
"662300010007",6
"662300010008",0
"662300010009",0
"662300010013",0
"662300010014",0
"662300010015",7
"662300010016",3
"662300010017",4
"662300010018",0
"662300010019",0
"662300010021",0
"662300010022",0
"662300010023",0
"662300010024",5
"662300010025",0
"662300010026",0
"662300010027",0
"662300010028",0
"662300010029",0
"662300010030",0
"662300010033",0
"662300010036",3
"662300010037",3
"662300010038",18
"662300010040",9
"662300010043",5
"662300010044",8
"662300010045",3
"662300010046",0
"662300010047",2
"662300010048",6
"662300010050",7
"662300010055",7
"662300010056",17
"662300010057",6
"662300010058",0
"662300860862",26
"662401060000",0
"662401060001",0
"662401060003",0
"662401060004",0
"662401060005",0
"662401060007",0
"662401060008",0
"662401060009",0
"662401060010",0
"662402060000",2
"662402060001",3
"662402060002",4
"662402060003",0
"662402060004",0
"662402060005",0
"670201060000",2
"670201060001",3
"670201060002",0
"670201060004",3
"670401040000",5
"670401040001",5
"670401040002",0
"670401040003",0
"671002040000",12
"671002040001",14
"671201060000",3
"671201060001",0
"671201060002",7
"671501040000",5
"671501040001",7
"671501040002",4
"680601060000",3
"680601060001",0
"680601060002",11
"680601060005",0
"680801040000",26
"680801040001",42
"680801040002",11
